time (ps),Lx,Ly,Lz
0.002,13.6395211,17.88321302,14.72467347
0.004,13.6394795,17.88442601,14.72443935
0.006,13.63941861,17.88563725,14.72370488
0.008,13.63897151,17.88707474,14.72309273
0.01,13.63838436,17.8888001,14.72244957
0.012,13.63794862,17.89047695,14.72190568
0.014,13.63723946,17.8921991,14.72122871
0.016,13.63658266,17.89407783,14.72045648
0.018,13.6357863,17.89579815,14.71967861
0.02,13.63505938,17.89756952,14.71917028
0.022,13.63443563,17.89935666,14.71885448
0.024,13.63361877,17.90071926,14.71888651
0.026,13.6327131,17.90208902,14.71869126
0.028,13.63170573,17.90370765,14.71878448
0.03,13.63091439,17.90520361,14.71874841
0.032,13.63004938,17.90692097,14.71840539
0.034,13.62904948,17.90890179,14.71798953
0.036,13.62794694,17.91093206,14.71791479
0.038,13.62672203,17.91292439,14.71759335
0.04,13.62554943,17.9149706,14.71725029
0.042,13.62446471,17.91709535,14.71682635
0.044,13.62340845,17.91914293,14.71630841
0.046,13.62247822,17.92127997,14.7156179
0.048,13.62159791,17.92326917,14.71510886
0.05,13.62067598,17.92534849,14.7146948
0.052,13.61997592,17.92709762,14.71447395
0.054,13.61939336,17.92864418,14.71469751
0.056,13.61897222,17.92980034,14.7153415
0.058,13.61863778,17.93090934,14.71579405
0.06,13.61853855,17.93202543,14.71603391
0.062,13.61878761,17.93322973,14.71645765
0.064,13.61871372,17.93432596,14.71699068
0.066,13.61856141,17.93508261,14.71748097
0.068,13.61892381,17.93593974,14.71786603
0.07,13.61932187,17.93679621,14.71836771
0.072,13.61999339,17.93783605,14.7187022
0.074,13.62094148,17.93904777,14.71913701
0.076,13.62180824,17.94072905,14.71948028
0.078,13.62279155,17.94223968,14.71997772
0.08,13.62413373,17.94356122,14.72033877
0.082,13.62569094,17.9451207,14.7202228
0.084,13.62752704,17.94687859,14.71995802
0.086,13.6295047,17.9485663,14.71980665
0.088,13.63137606,17.95044833,14.71965714
0.09,13.63313446,17.95215618,14.71924225
0.092,13.63497309,17.95358603,14.71869014
0.094,13.63678828,17.95470365,14.71800638
0.096,13.63830553,17.9556445,14.71696855
0.098,13.64015214,17.95631994,14.71599924
0.1,13.64206232,17.95686274,14.71466805
0.102,13.64410766,17.95779897,14.71318892
0.104,13.64640585,17.95868391,14.7119522
0.106,13.64860711,17.95979945,14.71088577
0.108,13.65107131,17.96057518,14.71001517
0.11,13.65322922,17.96178262,14.70915876
0.112,13.65504707,17.96271313,14.70820463
0.114,13.65720038,17.96317121,14.70730665
0.116,13.65892559,17.96357475,14.70648564
0.118,13.66068322,17.96424298,14.70565912
0.12,13.66257119,17.96486762,14.70492431
0.122,13.66462125,17.96546452,14.70431081
0.124,13.6664911,17.96573814,14.70340371
0.126,13.66822445,17.96590208,14.70292314
0.128,13.66982981,17.96591489,14.7028508
0.13,13.6713113,17.96580451,14.70285197
0.132,13.67273698,17.96544427,14.70302329
0.134,13.67428777,17.96488636,14.70300894
0.136,13.67597289,17.96393508,14.70296595
0.138,13.67779746,17.96294,14.70312081
0.14,13.6797519,17.96185551,14.70328039
0.142,13.68166827,17.96054532,14.70363148
0.144,13.68328867,17.95885636,14.70438768
0.146,13.68490013,17.95726485,14.70516568
0.148,13.68666836,17.9556138,14.70616571
0.15,13.68822754,17.95408397,14.70762753
0.152,13.68992226,17.95247182,14.70914602
0.154,13.69148689,17.95053176,14.71063487
0.156,13.6931889,17.94819074,14.71224922
0.158,13.6951006,17.94572655,14.71411018
0.16,13.69698314,17.94299517,14.71598966
0.162,13.69855246,17.94025711,14.71808002
0.164,13.70037985,17.93766979,14.71976212
0.166,13.70230099,17.9349823,14.72191786
0.168,13.70417402,17.93245102,14.72410292
0.17,13.70603367,17.9302243,14.72611462
0.172,13.70770005,17.92779772,14.72820484
0.174,13.70927627,17.92528251,14.73028071
0.176,13.71072909,17.92286488,14.73261896
0.178,13.71227195,17.92043013,14.73497355
0.18,13.71387958,17.91776652,14.73704544
0.182,13.71522062,17.91520184,14.73890399
0.184,13.71650733,17.9124544,14.74115774
0.186,13.71776417,17.90997476,14.74334413
0.188,13.71934966,17.9073938,14.74529108
0.19,13.72060414,17.90499369,14.74730103
0.192,13.72210916,17.9026726,14.74951433
0.194,13.72361747,17.90021189,14.75185078
0.196,13.72499406,17.89784223,14.75404913
0.198,13.72641779,17.89545375,14.7562337
0.2,13.72790043,17.89331625,14.75844726
0.202,13.72941924,17.89118001,14.76040195
0.204,13.73088943,17.88903909,14.76225674
0.206,13.73179557,17.88666967,14.76414568
0.208,13.73246826,17.88421651,14.76618079
0.21,13.73304213,17.88153074,14.76802407
0.212,13.73365777,17.8786795,14.76973183
0.214,13.73411849,17.87576148,14.77163297
0.216,13.73466813,17.87266952,14.77369285
0.218,13.73506173,17.86961527,14.77602846
0.22,13.73573693,17.86675792,14.77815463
0.222,13.736405,17.86389569,14.77985215
0.224,13.73715243,17.86101365,14.78132041
0.226,13.73787622,17.85817862,14.78260097
0.228,13.73841222,17.85551089,14.78409135
0.23,13.73924467,17.85272314,14.78569452
0.232,13.74018985,17.85010383,14.78698627
0.234,13.74104662,17.8475863,14.7884098
0.236,13.74207497,17.8447784,14.78948226
0.238,13.74332417,17.84202607,14.79081785
0.24,13.74447571,17.83899476,14.79200273
0.242,13.74586793,17.83588198,14.79314264
0.244,13.74738341,17.83218499,14.79421403
0.246,13.74920943,17.82866684,14.79488649
0.248,13.75079828,17.82489218,14.79536512
0.25,13.75219406,17.82142359,14.79577657
0.252,13.75349234,17.81820398,14.79627601
0.254,13.75449761,17.81527157,14.7965768
0.256,13.75535945,17.8122246,14.79663034
0.258,13.75621099,17.80922199,14.79607951
0.26,13.75711382,17.8061322,14.79542198
0.262,13.75810864,17.80314576,14.79440326
0.264,13.75873918,17.799877,14.79287162
0.266,13.75940492,17.7970967,14.79131176
0.268,13.76039819,17.79432508,14.78969326
0.27,13.76132135,17.79171408,14.78797974
0.272,13.76206931,17.7887469,14.7862666
0.274,13.76252439,17.78562747,14.78463922
0.276,13.76301727,17.78232451,14.78329213
0.278,13.76374599,17.77911599,14.78154998
0.28,13.76456244,17.77617864,14.78041885
0.282,13.76540202,17.77353517,14.77931348
0.284,13.76650078,17.77085958,14.77802256
0.286,13.76776623,17.76780547,14.77700828
0.288,13.76915165,17.76488694,14.77597075
0.29,13.7703683,17.76180996,14.77494917
0.292,13.77170393,17.75889656,14.77413454
0.294,13.77279529,17.75568342,14.77329708
0.296,13.7739581,17.75239832,14.77256506
0.298,13.77505574,17.74925562,14.77192322
0.3,13.77673221,17.74620661,14.77106256
0.302,13.7783525,17.7431697,14.77002533
0.304,13.77972553,17.74012565,14.76920817
0.306,13.78103246,17.73708969,14.76831804
0.308,13.78224671,17.73401144,14.76786734
0.31,13.78339426,17.73120037,14.76751462
0.312,13.78488753,17.72870526,14.76718872
0.314,13.78626013,17.72621573,14.76660657
0.316,13.78755587,17.72387418,14.76597879
0.318,13.78895365,17.72151578,14.76558501
0.32,13.79020645,17.71888109,14.76507512
0.322,13.79122576,17.7165064,14.76442429
0.324,13.79217078,17.7140551,14.76367159
0.326,13.79329666,17.71172993,14.76290012
0.328,13.79451864,17.70957743,14.76209023
0.33,13.79580188,17.70728432,14.76147624
0.332,13.79701744,17.70512372,14.76088583
0.334,13.79832268,17.70288702,14.75983433
0.336,13.79985855,17.70056038,14.75898938
0.338,13.80148059,17.69831178,14.75869962
0.34,13.80302586,17.69620898,14.75818667
0.342,13.80481873,17.69460162,14.75822422
0.344,13.80653705,17.69299974,14.75823712
0.346,13.80840848,17.69175024,14.75838548
0.348,13.81017762,17.6904712,14.75856918
0.35,13.81222106,17.68928919,14.75869463
0.352,13.81464587,17.68853315,14.75877876
0.354,13.81709998,17.68789685,14.75898675
0.356,13.81946846,17.68734119,14.75961417
0.358,13.8219579,17.68690903,14.76033446
0.36,13.82456783,17.68674002,14.76093255
0.362,13.8272716,17.68675104,14.76176984
0.364,13.82973566,17.6868852,14.76283395
0.366,13.83225966,17.68722164,14.76376131
0.368,13.83472852,17.68753915,14.76438386
0.37,13.83754993,17.68809247,14.76508047
0.372,13.84065297,17.68865876,14.76597558
0.374,13.84393922,17.68933849,14.76728933
0.376,13.84746917,17.68989677,14.76869982
0.378,13.85096427,17.6903899,14.77010286
0.38,13.85430103,17.69082779,14.77153228
0.382,13.85768896,17.69119397,14.77289869
0.384,13.86105509,17.69140841,14.77474617
0.386,13.86435037,17.69183158,14.77714984
0.388,13.86775189,17.69239281,14.77982109
0.39,13.87115747,17.69291239,14.78242717
0.392,13.8750593,17.69339419,14.78509268
0.394,13.87880713,17.69399935,14.78766159
0.396,13.88238559,17.69465328,14.79029889
0.398,13.88565171,17.6952262,14.79321249
0.4,13.88888814,17.69593728,14.79615345
0.402,13.89208343,17.6960042,14.79879302
0.404,13.89462992,17.6962977,14.80103955
0.406,13.89681029,17.69665452,14.80345935
0.408,13.89893591,17.69720003,14.80576817
0.41,13.90093807,17.69771489,14.80781031
0.412,13.90299889,17.69820409,14.80983312
0.414,13.9050988,17.69860636,14.81178865
0.416,13.90711788,17.69883438,14.81383833
0.418,13.90898149,17.69923178,14.81538378
0.42,13.91046223,17.69995421,14.81673316
0.422,13.91219235,17.70079335,14.81792408
0.424,13.91374048,17.70141236,14.81897252
0.426,13.91502271,17.70211443,14.81996453
0.428,13.91593637,17.70313101,14.82074964
0.43,13.9168011,17.70412254,14.82115542
0.432,13.91747406,17.70537974,14.82119336
0.434,13.91786958,17.70653914,14.82109652
0.436,13.91841877,17.70757257,14.82070223
0.438,13.91885344,17.70831191,14.81997918
0.44,13.91970423,17.70930022,14.81865009
0.442,13.92069415,17.71049776,14.8172764
0.444,13.92149335,17.71135651,14.81586156
0.446,13.9221382,17.71220492,14.81461087
0.448,13.92289546,17.71327594,14.81361395
0.45,13.92381298,17.71418948,14.81239207
0.452,13.92483312,17.71534007,14.81078113
0.454,13.92560443,17.71642808,14.80926317
0.456,13.9263258,17.71746242,14.8077866
0.458,13.92702901,17.71836733,14.80607947
0.46,13.92786463,17.71919973,14.80437519
0.462,13.92878939,17.71969542,14.80198874
0.464,13.92974091,17.72017634,14.79961109
0.466,13.93101035,17.72062691,14.79726162
0.468,13.93232581,17.7212462,14.79476404
0.47,13.9334955,17.72188785,14.79237393
0.472,13.93460256,17.72257328,14.79023737
0.474,13.93543955,17.72330881,14.78786589
0.476,13.93628652,17.72396965,14.78541943
0.478,13.93725834,17.72444511,14.78301743
0.48,13.93851447,17.72478176,14.78074973
0.482,13.93974855,17.72514829,14.77886144
0.484,13.9408465,17.72560858,14.7770716
0.486,13.94190902,17.72575794,14.77517041
0.488,13.94281409,17.72581783,14.77360965
0.49,13.94387046,17.72601201,14.77209936
0.492,13.94473504,17.72622366,14.77056488
0.494,13.94552314,17.72604044,14.76913105
0.496,13.94633373,17.72614028,14.76748372
0.498,13.94701905,17.72632467,14.76575919
0.5,13.94750504,17.72601738,14.76401695
0.502,13.94814856,17.72581253,14.7622749
0.504,13.94906507,17.72580661,14.76076336
0.506,13.94987934,17.72602437,14.75922228
0.508,13.95045789,17.7262585,14.75792827
0.51,13.95081819,17.72650988,14.7566726
0.512,13.9509837,17.7266295,14.75532205
0.514,13.95131984,17.72687716,14.7537407
0.516,13.95157964,17.72676094,14.75205446
0.518,13.95209458,17.72662587,14.75030954
0.52,13.95281304,17.72638402,14.74851027
0.522,13.95353095,17.72578623,14.7468599
0.524,13.95379532,17.72538248,14.74516835
0.526,13.95381889,17.72494546,14.74364236
0.528,13.95380504,17.72447066,14.74224005
0.53,13.95342637,17.72400904,14.74113512
0.532,13.95322973,17.72340074,14.73994913
0.534,13.95308373,17.72297318,14.73873546
0.536,13.95266835,17.72275838,14.73743962
0.538,13.95231129,17.72236738,14.73640466
0.54,13.95165597,17.72201968,14.73518675
0.542,13.95146532,17.72155293,14.7341198
0.544,13.95084449,17.72115622,14.73315572
0.546,13.95028864,17.72055576,14.73260274
0.548,13.94950145,17.71982777,14.73207074
0.55,13.94861811,17.71914378,14.73163961
0.552,13.94749542,17.71825072,14.73160564
0.554,13.94678641,17.71722247,14.73129119
0.556,13.94588294,17.71608113,14.73075573
0.558,13.94484826,17.71480445,14.73037233
0.56,13.94363303,17.71367405,14.72994462
0.562,13.94248205,17.71244086,14.72976795
0.564,13.94108846,17.71105168,14.7293759
0.566,13.93939383,17.70959174,14.72884175
0.568,13.93768055,17.70818499,14.72851464
0.57,13.93584388,17.70658613,14.72817561
0.572,13.93397213,17.70519581,14.7279842
0.574,13.93246328,17.70355306,14.72774919
0.576,13.93077501,17.70184234,14.72757717
0.578,13.92894851,17.70017695,14.72758356
0.58,13.92687554,17.69902026,14.72762357
0.582,13.92486195,17.69767064,14.72783552
0.584,13.92243019,17.69645418,14.72835293
0.586,13.91991741,17.69551056,14.72870445
0.588,13.91733989,17.69451183,14.72901839
0.59,13.91447354,17.6933423,14.72970724
0.592,13.91159644,17.69213341,14.73033168
0.594,13.90863649,17.69085155,14.73101677
0.596,13.90577942,17.68937407,14.73189797
0.598,13.90297625,17.68791519,14.73280598
0.6,13.89990248,17.68664692,14.73408658
0.602,13.89706845,17.68552844,14.73537336
0.604,13.894434,17.68462009,14.7368327
0.606,13.89224782,17.68372902,14.73857722
0.608,13.89041271,17.68338812,14.74062667
0.61,13.88855275,17.68335033,14.74255349
0.612,13.88674032,17.68346248,14.7445578
0.614,13.88501079,17.68369398,14.74645702
0.616,13.88345283,17.68397031,14.74863281
0.618,13.88215628,17.68450971,14.75091982
0.62,13.88122664,17.68482735,14.7533964
0.622,13.88043345,17.68491351,14.75559842
0.624,13.87966224,17.68494435,14.7576883
0.626,13.8790866,17.68520188,14.75994712
0.628,13.87869126,17.6858483,14.76271053
0.63,13.87822964,17.68638732,14.76517878
0.632,13.87790197,17.68702093,14.7677949
0.634,13.87729379,17.68755224,14.77032702
0.636,13.87674998,17.68831344,14.77290499
0.638,13.87615969,17.68895817,14.77567178
0.64,13.87566299,17.68969396,14.778542
0.642,13.87536311,17.69039914,14.78167729
0.644,13.87508805,17.69150724,14.78494714
0.646,13.87491073,17.69269618,14.78803366
0.648,13.87481091,17.69401624,14.79080285
0.65,13.87490122,17.69552437,14.79359433
0.652,13.87532228,17.69708746,14.79627002
0.654,13.87573501,17.69875356,14.79896934
0.656,13.87632748,17.70061194,14.80128938
0.658,13.87693579,17.70238037,14.80354371
0.66,13.87775943,17.70438426,14.80611439
0.662,13.87838454,17.70663483,14.80885563
0.664,13.87889456,17.70916382,14.81151284
0.666,13.87929065,17.71126333,14.81363446
0.668,13.87958637,17.71377208,14.81567152
0.67,13.88026712,17.71644081,14.81733824
0.672,13.88077157,17.71895599,14.81900863
0.674,13.8809991,17.72166213,14.82085899
0.676,13.88133257,17.72454295,14.82287675
0.678,13.88168281,17.72736306,14.82454994
0.68,13.88232473,17.72997632,14.82604456
0.682,13.88279192,17.7323401,14.82721631
0.684,13.88321441,17.73468302,14.82833789
0.686,13.88382241,17.73696438,14.82934836
0.688,13.88418429,17.73880257,14.83016325
0.69,13.88413736,17.74082336,14.83067019
0.692,13.88403776,17.74282502,14.83066701
0.694,13.8833654,17.7447106,14.8303447
0.696,13.88272539,17.7469528,14.82972604
0.698,13.88254746,17.7493238,14.82883888
0.7,13.88245103,17.75169288,14.82769254
0.702,13.88240489,17.75376444,14.82649455
0.704,13.88211252,17.75593002,14.82525355
0.706,13.88199583,17.75795228,14.82381028
0.708,13.88168402,17.7600352,14.82249999
0.71,13.88132795,17.76199871,14.82102855
0.712,13.88063096,17.76380865,14.81926795
0.714,13.87972772,17.76534031,14.81724393
0.716,13.87879801,17.76691135,14.81505659
0.718,13.87780567,17.76857356,14.81264525
0.72,13.87679653,17.77018191,14.81008139
0.722,13.87595694,17.77203671,14.80762298
0.724,13.87487674,17.77348894,14.8050409
0.726,13.87373051,17.77499716,14.80237874
0.728,13.87291958,17.77638625,14.8000469
0.73,13.87222157,17.77776821,14.79752841
0.732,13.87147728,17.77874089,14.79494626
0.734,13.87048817,17.77980726,14.79219492
0.736,13.86938445,17.78118424,14.78917872
0.738,13.8683594,17.78231438,14.78586348
0.74,13.8674338,17.78326936,14.78266567
0.742,13.86686776,17.78423343,14.77952275
0.744,13.86614913,17.78479449,14.77638218
0.746,13.86568609,17.78533861,14.77321204
0.748,13.86527374,17.78619122,14.7698277
0.75,13.86480708,17.78690692,14.76663447
0.752,13.8640234,17.78773119,14.76368514
0.754,13.86324712,17.78906997,14.7611165
0.756,13.86222186,17.7902204,14.75890216
0.758,13.86133047,17.79109509,14.75631351
0.76,13.86042368,17.7922855,14.75378266
0.762,13.85938572,17.79346496,14.75143032
0.764,13.8583095,17.7946005,14.74903228
0.766,13.85719724,17.79555012,14.74679318
0.768,13.85608529,17.79628837,14.74482101
0.77,13.85495147,17.79707984,14.7432222
0.772,13.85378309,17.7977711,14.74189714
0.774,13.85260581,17.79847871,14.74103656
0.776,13.85127994,17.79902577,14.74030997
0.778,13.8499333,17.79957124,14.73976478
0.78,13.84843614,17.80048222,14.73906692
0.782,13.846396,17.80167872,14.73848485
0.784,13.84434109,17.80297661,14.73813696
0.786,13.84215642,17.80388851,14.73799461
0.788,13.83989316,17.80487715,14.73757783
0.79,13.83765717,17.80591056,14.73732628
0.792,13.83547103,17.80689877,14.73712796
0.794,13.83370116,17.80796844,14.73689012
0.796,13.83207254,17.80933756,14.73641686
0.798,13.8303401,17.8107494,14.73605386
0.8,13.82855693,17.81205339,14.73603414
0.802,13.82693747,17.81354194,14.73631059
0.804,13.82531068,17.81476687,14.73662284
0.806,13.82355256,17.81582866,14.73708862
0.808,13.82189335,17.8167553,14.73750683
0.81,13.82062323,17.81771502,14.73768695
0.812,13.81925185,17.81876914,14.73823985
0.814,13.81778803,17.81965646,14.73877435
0.816,13.81640868,17.82056858,14.73962636
0.818,13.81506578,17.82141966,14.74024151
0.82,13.81391933,17.82226188,14.7408818
0.822,13.81290793,17.82297627,14.74202524
0.824,13.81156181,17.82319198,14.74318952
0.826,13.81024801,17.82348387,14.7446582
0.828,13.80912612,17.82330619,14.7464541
0.83,13.80799429,17.82321354,14.74822631
0.832,13.80707416,17.82318874,14.74994477
0.834,13.80653051,17.82285187,14.75184433
0.836,13.80598123,17.82266851,14.75407957
0.838,13.80532182,17.8223602,14.75637325
0.84,13.80489765,17.82171735,14.7584309
0.842,13.80450042,17.821056,14.76069049
0.844,13.80417259,17.82010248,14.76304017
0.846,13.80398966,17.8191157,14.76572364
0.848,13.80392519,17.81829024,14.76810597
0.85,13.80374962,17.81748302,14.77034708
0.852,13.80381666,17.81659344,14.77268303
0.854,13.80354938,17.81562361,14.77533407
0.856,13.8033615,17.8149047,14.77810904
0.858,13.80352598,17.81384764,14.78073875
0.86,13.80359019,17.81286005,14.78319942
0.862,13.80377541,17.81185572,14.78571492
0.864,13.80394659,17.8109193,14.78775826
0.866,13.8041904,17.81033641,14.7894137
0.868,13.80452858,17.80998551,14.79079524
0.87,13.80452403,17.80960483,14.79225022
0.872,13.80461838,17.80931186,14.79385047
0.874,13.80485689,17.80906346,14.79564111
0.876,13.80515275,17.80895711,14.79784179
0.878,13.80532837,17.80891533,14.79963507
0.88,13.80559712,17.80891255,14.80122587
0.882,13.80580121,17.80871214,14.80309972
0.884,13.80607598,17.8082722,14.80497284
0.886,13.80609876,17.8079459,14.80658857
0.888,13.80612738,17.80701362,14.80847223
0.89,13.80619562,17.80638273,14.81023779
0.892,13.80613681,17.805224,14.81180002
0.894,13.80626263,17.80374119,14.81321708
0.896,13.80598749,17.80222623,14.81447628
0.898,13.80596515,17.80050599,14.81592564
0.9,13.80644346,17.79847015,14.81737681
0.902,13.80684748,17.79654058,14.81841941
0.904,13.80719686,17.79461202,14.81923572
0.906,13.80756834,17.79258466,14.82006508
0.908,13.80774754,17.79059338,14.82076876
0.91,13.8075131,17.78861307,14.82120042
0.912,13.80724789,17.78640488,14.82173423
0.914,13.80720286,17.78405007,14.82223486
0.916,13.80718877,17.78172564,14.82255971
0.918,13.80704208,17.77909971,14.82297783
0.92,13.80688185,17.77664042,14.8233856
0.922,13.80639881,17.77405437,14.82383054
0.924,13.80596246,17.77138606,14.82408038
0.926,13.805537,17.76859247,14.82458283
0.928,13.80507808,17.76584423,14.82508225
0.93,13.80460387,17.76323251,14.82523204
0.932,13.80399918,17.76077533,14.82540112
0.934,13.80304165,17.7578032,14.82558471
0.936,13.80211136,17.75470629,14.82581855
0.938,13.80158657,17.75157494,14.82591456
0.94,13.80066827,17.74835622,14.8259807
0.942,13.79982248,17.74566941,14.82597559
0.944,13.79886224,17.74288732,14.82553969
0.946,13.79811956,17.74000374,14.82514454
0.948,13.79728652,17.73733444,14.8245094
0.95,13.79611446,17.73496372,14.82365026
0.952,13.79507281,17.73270952,14.82256117
0.954,13.79451702,17.7302478,14.82129031
0.956,13.79408227,17.72761945,14.82013414
0.958,13.79344287,17.72511912,14.81895131
0.96,13.7928746,17.72256902,14.81776134
0.962,13.79226799,17.72010489,14.81627204
0.964,13.79169124,17.71765942,14.81508895
0.966,13.79132149,17.71500471,14.81388783
0.968,13.79121867,17.71253119,14.81238307
0.97,13.79120354,17.71007524,14.81096853
0.972,13.79121474,17.70760295,14.80963649
0.974,13.79098876,17.70545886,14.80844291
0.976,13.7910758,17.70329005,14.80747935
0.978,13.79138013,17.70119882,14.80639163
0.98,13.79185346,17.69905864,14.80546147
0.982,13.7922199,17.69718565,14.8048824
0.984,13.79264645,17.69533781,14.80417097
0.986,13.79270037,17.69375799,14.80368676
0.988,13.79282562,17.69215507,14.80312795
0.99,13.79297274,17.69049181,14.80200691
0.992,13.79305588,17.6888015,14.80124825
0.994,13.79323995,17.68737162,14.80030735
0.996,13.79364783,17.68590669,14.799514
0.998,13.79460147,17.68459261,14.79866037
1,13.79596404,17.68329344,14.79756587
1.002,13.79764552,17.68220497,14.79674565
1.004,13.79932968,17.68128127,14.79625675
1.006,13.80126127,17.68043493,14.7959901
1.008,13.80283627,17.67995906,14.79607543
1.01,13.80444464,17.67946013,14.7959159
1.012,13.80600584,17.67943606,14.79595847
1.014,13.80776773,17.67978555,14.79609186
1.016,13.80959298,17.68033223,14.79666342
1.018,13.81155066,17.68059776,14.79744261
1.02,13.81362335,17.68096037,14.79858187
1.022,13.81586469,17.68126755,14.80020156
1.024,13.81822457,17.68168567,14.80158159
1.026,13.82080161,17.68253068,14.80312235
1.028,13.8233756,17.68343157,14.80433439
1.03,13.82585129,17.68447694,14.80548294
1.032,13.82826099,17.6853897,14.80680885
1.034,13.83073372,17.68659151,14.80806594
1.036,13.8333825,17.68802421,14.80931539
1.038,13.83571307,17.68934115,14.81061043
1.04,13.83840574,17.69058069,14.81198116
1.042,13.84155261,17.69176725,14.81302135
1.044,13.84481504,17.6928729,14.81398645
1.046,13.84830762,17.69423745,14.81491532
1.048,13.85158605,17.69535154,14.815947
1.05,13.85494232,17.69660854,14.8168264
1.052,13.85834007,17.69785301,14.81740005
1.054,13.86174397,17.69904383,14.81816671
1.056,13.86500591,17.69992563,14.81866717
1.058,13.86875214,17.70095749,14.81928632
1.06,13.87268547,17.70186939,14.81978932
1.062,13.87691053,17.70247111,14.82023912
1.064,13.88132374,17.70302211,14.8204791
1.066,13.88558966,17.70374373,14.82073214
1.068,13.89018047,17.70410921,14.82064649
1.07,13.89444522,17.70428094,14.82047661
1.072,13.89827263,17.70442917,14.82041034
1.074,13.90186955,17.70454944,14.81996218
1.076,13.90526104,17.70466045,14.81908063
1.078,13.90865003,17.70473045,14.81808447
1.08,13.9121133,17.70463132,14.81656689
1.082,13.91530549,17.70457216,14.81493939
1.084,13.91833996,17.70437961,14.8132305
1.086,13.9209869,17.70418566,14.81133135
1.088,13.92318189,17.70392689,14.8095687
1.09,13.92570112,17.70369602,14.80770323
1.092,13.92826517,17.70327595,14.8060519
1.094,13.93083883,17.70312996,14.80406506
1.096,13.93350025,17.70305064,14.802025
1.098,13.93659546,17.70298531,14.79978812
1.1,13.93940432,17.70299572,14.79763928
1.102,13.94204044,17.70325179,14.79565208
1.104,13.94434064,17.70385026,14.79369119
1.106,13.94673655,17.70434773,14.79199465
1.108,13.94910342,17.70492352,14.79024833
1.11,13.95170753,17.70539547,14.78841783
1.112,13.95470197,17.70579427,14.78649047
1.114,13.95737688,17.70605857,14.78467926
1.116,13.95979221,17.70626251,14.78265726
1.118,13.96186292,17.7068567,14.78076533
1.12,13.96404198,17.70737787,14.77883239
1.122,13.96623841,17.70811722,14.77686637
1.124,13.96808654,17.70910379,14.77447807
1.126,13.97030916,17.71006274,14.77236198
1.128,13.97236569,17.71115535,14.76996151
1.13,13.97441738,17.71203129,14.76759744
1.132,13.97628164,17.71278982,14.76529189
1.134,13.97785215,17.71334496,14.76292096
1.136,13.97929102,17.71402297,14.76023769
1.138,13.98042768,17.71490897,14.75753196
1.14,13.98148847,17.71560414,14.75490291
1.142,13.98234128,17.71642565,14.75221732
1.144,13.98284184,17.71739626,14.74998961
1.146,13.9833874,17.71813255,14.74762672
1.148,13.98359435,17.71834921,14.74556069
1.15,13.98362052,17.71872665,14.74379124
1.152,13.98363183,17.71904003,14.74230016
1.154,13.98333363,17.71898122,14.74088305
1.156,13.98273479,17.71894261,14.74014706
1.158,13.98185567,17.71886845,14.73940298
1.16,13.98110651,17.71880156,14.73865375
1.162,13.98015433,17.71847929,14.73796938
1.164,13.97867814,17.71785811,14.73724868
1.166,13.97704922,17.71727772,14.73678439
1.168,13.97548841,17.71655318,14.73648729
1.17,13.97421674,17.71580961,14.73610152
1.172,13.97288605,17.71476009,14.73559915
1.174,13.97136649,17.71404686,14.7353112
1.176,13.96975235,17.71318159,14.7352688
1.178,13.96805407,17.7122501,14.73532203
1.18,13.96663347,17.7111912,14.73547075
1.182,13.96480904,17.71018768,14.73589358
1.184,13.96299143,17.70913367,14.73653749
1.186,13.96115192,17.70809646,14.73734963
1.188,13.95920459,17.70687254,14.73825016
1.19,13.95706922,17.70566332,14.73923066
1.192,13.95514744,17.70454005,14.74029448
1.194,13.9530108,17.70320001,14.74120586
1.196,13.95078498,17.70187129,14.74248313
1.198,13.94884558,17.70049353,14.74418571
1.2,13.94672084,17.69914524,14.7460827
1.202,13.94443973,17.69723018,14.74781523
1.204,13.94209305,17.69537496,14.74968994
1.206,13.94011869,17.69349446,14.75163868
1.208,13.93805062,17.69165451,14.75373661
1.21,13.93630423,17.6896157,14.75594344
1.212,13.9347169,17.68784626,14.75813466
1.214,13.93296137,17.68601598,14.75995176
1.216,13.9314947,17.68463074,14.7618703
1.218,13.92999787,17.68349156,14.76368435
1.22,13.92847301,17.68267804,14.7651619
1.222,13.92721851,17.68209021,14.76645707
1.224,13.92621797,17.68154845,14.76792964
1.226,13.92516814,17.6807378,14.76911556
1.228,13.92443649,17.6801535,14.77042025
1.23,13.92399926,17.67960062,14.77185723
1.232,13.92403494,17.67901027,14.77362473
1.234,13.92423023,17.67867462,14.77553263
1.236,13.92429122,17.67849597,14.77686985
1.238,13.92469468,17.67867372,14.77798876
1.24,13.92540222,17.67890685,14.77902476
1.242,13.9260845,17.67907337,14.77990708
1.244,13.92678278,17.67913311,14.7806728
1.246,13.92770632,17.67932713,14.78129226
1.248,13.92872758,17.67965104,14.78175005
1.25,13.92982584,17.67952186,14.78188889
1.252,13.93075628,17.67905283,14.78208086
1.254,13.93169212,17.67872981,14.78232656
1.256,13.93258669,17.67829796,14.78286836
1.258,13.93346789,17.67780779,14.78341033
1.26,13.93442848,17.67747851,14.78390861
1.262,13.93530923,17.67718063,14.78433356
1.264,13.93641314,17.67711443,14.78491369
1.266,13.93707073,17.67700636,14.78526515
1.268,13.93769486,17.67718925,14.78557352
1.27,13.93829521,17.67734409,14.78549391
1.272,13.93886937,17.67771081,14.78494234
1.274,13.93917029,17.67817811,14.78468807
1.276,13.93952869,17.67875356,14.78450672
1.278,13.93981444,17.67951258,14.7845525
1.28,13.93982969,17.68021672,14.78474745
1.282,13.93976623,17.68055311,14.785044
1.284,13.9396597,17.68100026,14.78554342
1.286,13.93978265,17.68118819,14.78614725
1.288,13.93998249,17.68138264,14.78717609
1.29,13.94003034,17.6819115,14.78826861
1.292,13.9400481,17.68235316,14.78949919
1.294,13.93993326,17.68303434,14.79066961
1.296,13.93982729,17.68383987,14.79206525
1.298,13.93972828,17.68448813,14.79336169
1.3,13.93995337,17.68533658,14.79483486
1.302,13.94025282,17.68639375,14.79614274
1.304,13.94109129,17.68752533,14.79753844
1.306,13.94175828,17.68891481,14.79910258
1.308,13.94240165,17.69042392,14.8003103
1.31,13.94314298,17.69182211,14.80138239
1.312,13.94371876,17.69316614,14.80220506
1.314,13.94448292,17.69433495,14.80285383
1.316,13.94530564,17.69536555,14.8034135
1.318,13.94620033,17.69626509,14.80434395
1.32,13.9469188,17.69736026,14.80505819
1.322,13.94738692,17.69820264,14.805503
1.324,13.94746987,17.69911739,14.80570615
1.326,13.94763246,17.70015645,14.80571243
1.328,13.94784078,17.70152391,14.805533
1.33,13.94800681,17.70259655,14.80523605
1.332,13.9483759,17.70363056,14.80491687
1.334,13.94882065,17.70471977,14.80445271
1.336,13.948963,17.70584219,14.80372212
1.338,13.94887144,17.70669656,14.80316499
1.34,13.9485629,17.70709828,14.80249193
1.342,13.94812259,17.70747738,14.80174322
1.344,13.94760186,17.70748386,14.80102167
1.346,13.94702443,17.70761285,14.80001359
1.348,13.94643218,17.70761315,14.79909985
1.35,13.94593995,17.7075923,14.79786886
1.352,13.94539886,17.70754645,14.79643127
1.354,13.94470976,17.70767317,14.79526545
1.356,13.94409591,17.70777962,14.79385223
1.358,13.94324262,17.70806833,14.7924218
1.36,13.9425994,17.70863965,14.79089899
1.362,13.94163794,17.70910965,14.78940788
1.364,13.94064516,17.70977939,14.78773832
1.366,13.93967699,17.71055355,14.7860461
1.368,13.93860524,17.71147353,14.78443835
1.37,13.93734185,17.71241219,14.78299864
1.372,13.9360579,17.71358417,14.78122772
1.374,13.93486798,17.71448467,14.7793941
1.376,13.93376059,17.71551391,14.77765477
1.378,13.93259445,17.71622855,14.77597478
1.38,13.93145756,17.71685283,14.7743769
1.382,13.9301917,17.7172332,14.77274685
1.384,13.92906222,17.71748376,14.77132805
1.386,13.92742394,17.71790351,14.76981196
1.388,13.92584102,17.71847692,14.76836823
1.39,13.92405956,17.71882202,14.76708223
1.392,13.9222114,17.71927547,14.76556244
1.394,13.92024633,17.71956386,14.76414052
1.396,13.91828787,17.72002729,14.76288043
1.398,13.91614453,17.72059121,14.76195939
1.4,13.91371677,17.72067333,14.76128018
1.402,13.91127378,17.72097151,14.7607122
1.404,13.90923284,17.72141149,14.76013535
1.406,13.90701796,17.72174897,14.75926724
1.408,13.90479247,17.72181755,14.75869703
1.41,13.90236731,17.72203088,14.75852855
1.412,13.90030505,17.72246599,14.75846327
1.414,13.8981094,17.72300706,14.75900552
1.416,13.89594009,17.72310114,14.76025469
1.418,13.89392257,17.72291315,14.76147388
1.42,13.89188831,17.72288708,14.76260989
1.422,13.8900048,17.72331387,14.76412185
1.424,13.8879789,17.72347577,14.76578699
1.426,13.88574715,17.72368677,14.76763232
1.428,13.88356589,17.72406172,14.76966989
1.43,13.88177226,17.72473851,14.77180851
1.432,13.87999326,17.72539218,14.77373382
1.434,13.87792098,17.72607784,14.77594198
1.436,13.87574381,17.7267939,14.77775972
1.438,13.87357995,17.72739422,14.77964395
1.44,13.87164839,17.7278537,14.78144112
1.442,13.86959477,17.72839329,14.78358132
1.444,13.86763119,17.72861911,14.78585403
1.446,13.8654595,17.72908464,14.78800678
1.448,13.86335565,17.72971013,14.78996317
1.45,13.86116374,17.72998342,14.79218232
1.452,13.85876536,17.7300862,14.79433063
1.454,13.85669568,17.72978476,14.79624868
1.456,13.85494294,17.72952581,14.79803363
1.458,13.85355288,17.72902149,14.79951601
1.46,13.85242499,17.72857295,14.80084531
1.462,13.85133697,17.72819096,14.80242046
1.464,13.85065538,17.7278537,14.80384413
1.466,13.85031634,17.72733829,14.8051216
1.468,13.84989811,17.72717729,14.80673759
1.47,13.84972887,17.72684755,14.80793541
1.472,13.84939444,17.7267154,14.80910406
1.474,13.84948345,17.72648968,14.81011186
1.476,13.84968303,17.72651413,14.81136215
1.478,13.84981555,17.72629071,14.81278137
1.48,13.85003092,17.72622717,14.81403375
1.482,13.85016355,17.72616052,14.81506657
1.484,13.85049839,17.72593419,14.81592945
1.486,13.85123593,17.72586984,14.81655348
1.488,13.85204881,17.7259982,14.81713975
1.49,13.85335021,17.72591519,14.81734304
1.492,13.85462418,17.72607286,14.81745647
1.494,13.85611341,17.72643596,14.81762635
1.496,13.85771369,17.72703073,14.81811107
1.498,13.8594799,17.72780514,14.81841019
1.5,13.86140353,17.72875631,14.81833834
1.502,13.86373476,17.72958418,14.81795731
1.504,13.86596976,17.73081269,14.81756484
1.506,13.8684847,17.73226075,14.81680344
1.508,13.87089956,17.73396169,14.81594221
1.51,13.87355381,17.73540536,14.81515475
1.512,13.87609997,17.73632564,14.81423481
1.514,13.87870276,17.73733008,14.8130056
1.516,13.88093581,17.7383029,14.81179853
1.518,13.88331625,17.73962693,14.81064299
1.52,13.88577841,17.74099943,14.80936153
1.522,13.88792366,17.74286477,14.80758918
1.524,13.89065117,17.74498403,14.8058445
1.526,13.89323289,17.74674551,14.80389015
1.528,13.89594906,17.7484201,14.80191775
1.53,13.89847709,17.75010165,14.79973044
1.532,13.90073605,17.75129958,14.7973042
1.534,13.90268467,17.75219683,14.79463283
1.536,13.90453893,17.75326427,14.79196965
1.538,13.90585948,17.75453097,14.78924855
1.54,13.90703621,17.75546522,14.78647252
1.542,13.90794938,17.75654322,14.78371138
1.544,13.90849841,17.75750457,14.78068071
1.546,13.90886167,17.75840435,14.77766718
1.548,13.90890658,17.75949437,14.77450147
1.55,13.9092306,17.76072148,14.77139286
1.552,13.90962988,17.76167837,14.76822732
1.554,13.90919089,17.7626724,14.76490379
1.556,13.90885454,17.76351547,14.76168834
1.558,13.90820187,17.76434388,14.75831535
1.56,13.90766637,17.76508973,14.75492796
1.562,13.90665597,17.76631199,14.75171746
1.564,13.90531832,17.7674982,14.74861737
1.566,13.90436041,17.76869252,14.7456337
1.568,13.90362102,17.77009401,14.74305221
1.57,13.90302151,17.77112166,14.74054651
1.572,13.90255036,17.77219668,14.73799622
1.574,13.90194531,17.77310702,14.73508196
1.576,13.90104391,17.77375658,14.73228438
1.578,13.89989687,17.77426932,14.72962603
1.58,13.89910416,17.77462685,14.72692283
1.582,13.89808785,17.77503318,14.7245503
1.584,13.89707556,17.77546384,14.72270817
1.586,13.89601965,17.77589024,14.72078978
1.588,13.89484864,17.77601729,14.71873506
1.59,13.89335665,17.77622021,14.71675888
1.592,13.89190068,17.77662536,14.71509384
1.594,13.89061232,17.7772398,14.7132876
1.596,13.88924439,17.77797462,14.71155609
1.598,13.88788271,17.77865512,14.70959194
1.6,13.8864117,17.779374,14.70816281
1.602,13.88469936,17.77980973,14.70713146
1.604,13.88322846,17.78030028,14.70632234
1.606,13.88178286,17.78066337,14.70553212
1.608,13.88033896,17.78114586,14.70467805
1.61,13.87903162,17.78170098,14.70411216
1.612,13.8777485,17.78189672,14.70371025
1.614,13.87660931,17.78172623,14.70361939
1.616,13.87531959,17.7816098,14.70354925
1.618,13.87408931,17.78156097,14.70365874
1.62,13.87296731,17.78137281,14.70382837
1.622,13.87172642,17.78140133,14.70440918
1.624,13.87047663,17.78136488,14.70542517
1.626,13.86934891,17.78112123,14.70639175
1.628,13.86819393,17.78090128,14.7076521
1.63,13.86723302,17.78069699,14.70866265
1.632,13.8659792,17.78068822,14.71007599
1.634,13.86470077,17.7809565,14.71166972
1.636,13.86374169,17.78122888,14.7132669
1.638,13.86322139,17.78162894,14.71519523
1.64,13.86254722,17.78209252,14.71744017
1.642,13.86199632,17.78264311,14.71934368
1.644,13.8619672,17.78359414,14.72126501
1.646,13.86240693,17.78451022,14.72340526
1.648,13.86281323,17.78508984,14.72589547
1.65,13.86327141,17.78585768,14.72864903
1.652,13.86351396,17.78652219,14.73156284
1.654,13.86370229,17.78750562,14.7343819
1.656,13.86406724,17.78884367,14.73719863
1.658,13.86457605,17.79057979,14.73996519
1.66,13.86525227,17.79216181,14.74292228
1.662,13.86600943,17.79334836,14.7458583
1.664,13.86680971,17.79471744,14.74889894
1.666,13.8673698,17.79608241,14.75214304
1.668,13.86769336,17.79730326,14.75524528
1.67,13.867897,17.79835827,14.75801391
1.672,13.86834891,17.79897878,14.76077239
1.674,13.86875397,17.79951365,14.76378361
1.676,13.86922179,17.80001842,14.76711479
1.678,13.86952038,17.80035399,14.77003042
1.68,13.86968264,17.80059172,14.77291689
1.682,13.869638,17.80067459,14.77555947
1.684,13.86980741,17.80114234,14.77796487
1.686,13.86991573,17.80147318,14.78041738
1.688,13.86987793,17.80206916,14.78286013
1.69,13.86962115,17.80274207,14.78536954
1.692,13.86917972,17.80348009,14.78783593
1.694,13.86920837,17.80427763,14.79011062
1.696,13.86917881,17.80515069,14.79217132
1.698,13.86890154,17.80598176,14.79399356
1.7,13.86838473,17.80667439,14.79587857
1.702,13.86770758,17.80708766,14.79723913
1.704,13.8669349,17.80725131,14.7985456
1.706,13.86612562,17.80757241,14.79998647
1.708,13.86554534,17.8071752,14.80148463
1.71,13.86463598,17.80664919,14.80303244
1.712,13.8635295,17.80578952,14.80439938
1.714,13.86252935,17.80504621,14.80593781
1.716,13.86126821,17.80403489,14.80737813
1.718,13.86005903,17.80288041,14.80841627
1.72,13.85868568,17.80141326,14.80926982
1.722,13.85706899,17.79961766,14.81020321
1.724,13.85564132,17.79796006,14.81095661
1.726,13.85419076,17.79626345,14.81170998
1.728,13.85314793,17.79463487,14.81228771
1.73,13.85184648,17.79263532,14.81248107
1.732,13.8503849,17.79055492,14.81224872
1.734,13.84913558,17.78837138,14.81188707
1.736,13.84787098,17.78624228,14.81149384
1.738,13.84677487,17.78429901,14.8110953
1.74,13.8455489,17.78240756,14.81044019
1.742,13.84446424,17.78089569,14.80951526
1.744,13.84330467,17.77961167,14.80836906
1.746,13.84222111,17.77813058,14.80715287
1.748,13.84111509,17.77691874,14.80574292
1.75,13.83982051,17.77528267,14.80421222
1.752,13.83874897,17.77342492,14.80245242
1.754,13.83776313,17.77156823,14.80068398
1.756,13.83728188,17.76965108,14.79848351
1.758,13.83672626,17.76781674,14.79624242
1.76,13.83616842,17.76599877,14.793846
1.762,13.83573294,17.7645618,14.79135035
1.764,13.83541299,17.76326592,14.78889463
1.766,13.83483491,17.76193832,14.78654733
1.768,13.83426605,17.76056543,14.78390355
1.77,13.83374356,17.75912817,14.78112733
1.772,13.83316854,17.75765386,14.77802788
1.774,13.83239041,17.75662754,14.77484444
1.776,13.83164463,17.75567258,14.77169984
1.778,13.83078487,17.75484211,14.76887791
1.78,13.83000008,17.75448656,14.76608503
1.782,13.8289533,17.75396527,14.76354302
1.784,13.82766791,17.75358372,14.76079688
1.786,13.82635156,17.75332561,14.75807583
1.788,13.8252151,17.75301237,14.75546987
1.79,13.8239202,17.75287975,14.75309149
1.792,13.82307035,17.75316384,14.75103818
1.794,13.82242738,17.75349327,14.74926561
1.796,13.82206521,17.75402286,14.74731432
1.798,13.8214644,17.75449623,14.74525161
1.8,13.82115858,17.75498983,14.74311978
1.802,13.82101082,17.75558722,14.74088013
1.804,13.82141468,17.75617659,14.73891127
1.806,13.82155596,17.75675774,14.73709297
1.808,13.82168348,17.75724691,14.73550364
1.81,13.82176807,17.75768453,14.73414112
1.812,13.82177331,17.75785706,14.73309738
1.814,13.82166224,17.75830619,14.7319724
1.816,13.82164389,17.75890431,14.73083275
1.818,13.82163537,17.75983046,14.729828
1.82,13.82174122,17.7609458,14.72881752
1.822,13.8220929,17.76230917,14.72769717
1.824,13.8228052,17.76381481,14.7263941
1.826,13.82327923,17.76546184,14.72511983
1.828,13.82373353,17.7672681,14.72401357
1.83,13.824382,17.76914017,14.72302813
1.832,13.82503443,17.77070487,14.7224246
1.834,13.82560023,17.77236848,14.72182264
1.836,13.82643429,17.77387177,14.72135322
1.838,13.82740615,17.7753888,14.72100077
1.84,13.82835824,17.77681036,14.72081832
1.842,13.8290763,17.778196,14.72081773
1.844,13.82989927,17.77971327,14.72098355
1.846,13.83092221,17.78109667,14.72120569
1.848,13.83199651,17.78245062,14.72138885
1.85,13.83272725,17.78398055,14.72177351
1.852,13.83311044,17.78564864,14.72214664
1.854,13.83362357,17.7875377,14.72263494
1.856,13.83418599,17.78951632,14.72344811
1.858,13.83486234,17.79156018,14.724426
1.86,13.83580346,17.79381123,14.72547543
1.862,13.83662597,17.79591393,14.72683605
1.864,13.83746216,17.7978055,14.72785251
1.866,13.8381367,17.79968605,14.72869034
1.868,13.83855471,17.80142715,14.72965375
1.87,13.8390274,17.80317225,14.73048478
1.872,13.83947138,17.80464043,14.73128453
1.874,13.83997372,17.80613675,14.73247138
1.876,13.8403871,17.80776078,14.73391337
1.878,13.84086381,17.80899578,14.73566041
1.88,13.84145691,17.81027098,14.73716909
1.882,13.84247466,17.81153421,14.73860975
1.884,13.84315663,17.81264381,14.7400912
1.886,13.84370845,17.8136737,14.74164214
1.888,13.84433803,17.81470318,14.74310242
1.89,13.84482137,17.81565404,14.744605
1.892,13.84535924,17.81654575,14.74601192
1.894,13.84559628,17.81755865,14.74758172
1.896,13.84582415,17.81824323,14.7492845
1.898,13.84600518,17.81872788,14.75069107
1.9,13.84613901,17.81910294,14.75188284
1.902,13.84624152,17.81971917,14.75269626
1.904,13.84594573,17.82002186,14.75378404
1.906,13.84585602,17.82035431,14.75469425
1.908,13.84618768,17.82093998,14.75543442
1.91,13.84649462,17.82160412,14.75644973
1.912,13.84665505,17.82220489,14.75694541
1.914,13.84663576,17.82295839,14.75778929
1.916,13.84647704,17.82378926,14.75881287
1.918,13.84650389,17.82469736,14.7597457
1.92,13.84646546,17.82570464,14.76054888
1.922,13.8463401,17.82695123,14.76151354
1.924,13.84634448,17.82811482,14.76224597
1.926,13.84647538,17.82935476,14.76318655
1.928,13.84691121,17.83054449,14.76438932
1.93,13.84743576,17.831926,14.76575051
1.932,13.84799994,17.8330232,14.76714922
1.934,13.8485691,17.8342016,14.76870193
1.936,13.84911347,17.83494569,14.77032816
1.938,13.84952447,17.83569054,14.77194646
1.94,13.84981543,17.83650054,14.77371421
1.942,13.85001037,17.83741125,14.77534102
1.944,13.85014728,17.83836793,14.77660385
1.946,13.84975289,17.83902831,14.77771995
1.948,13.84953413,17.83950337,14.7783919
1.95,13.84950125,17.84015833,14.77904781
1.952,13.84921778,17.84088832,14.77969524
1.954,13.84928239,17.84131467,14.780426
1.956,13.84896304,17.84190402,14.78100532
1.958,13.84866157,17.84246126,14.78170878
1.96,13.84830169,17.84272741,14.78246302
1.962,13.84807286,17.84268836,14.78343931
1.964,13.84754084,17.84261557,14.78420346
1.966,13.84712809,17.84227196,14.78511986
1.968,13.8463601,17.84166216,14.78564704
1.97,13.84553581,17.84079272,14.78590366
1.972,13.8446426,17.83986232,14.78611687
1.974,13.84355547,17.83895974,14.78632722
1.976,13.84256863,17.83812351,14.78652354
1.978,13.8412217,17.83726988,14.78666949
1.98,13.83991759,17.83606624,14.78650007
1.982,13.83855221,17.83517994,14.78615567
1.984,13.83736877,17.83430083,14.78570607
1.986,13.83588797,17.83345795,14.78496792
1.988,13.83408858,17.83272821,14.78423142
1.99,13.8322386,17.83187914,14.78366485
1.992,13.83034411,17.83092655,14.78325683
1.994,13.82865923,17.82984077,14.78294003
1.996,13.82656307,17.828858,14.78262314
1.998,13.82455808,17.82767055,14.78190387
2,13.82269271,17.82615714,14.78102452
2.002,13.82087902,17.82453459,14.78041376
2.004,13.81880878,17.82295327,14.77975127
2.006,13.81703166,17.82123704,14.77869506
2.008,13.81516425,17.81927516,14.77693591
2.01,13.81355353,17.81723222,14.77518164
2.012,13.81231642,17.81501887,14.77367873
2.014,13.81098454,17.81284635,14.7718607
2.016,13.80991111,17.81054749,14.77019625
2.018,13.80922174,17.80829017,14.76842571
2.02,13.80877086,17.80603562,14.76664725
2.022,13.80815587,17.80390212,14.76483496
2.024,13.80725908,17.80193039,14.76315255
2.026,13.80608677,17.79990618,14.76119917
2.028,13.8051024,17.79766047,14.75912324
2.03,13.80401757,17.79523811,14.75714825
2.032,13.80288478,17.79222809,14.75497248
2.034,13.80165883,17.7893898,14.75304308
2.036,13.80086229,17.78636855,14.75129041
2.038,13.80031223,17.78333264,14.74969757
2.04,13.79946237,17.78019121,14.74801956
2.042,13.7986625,17.77726164,14.74673699
2.044,13.7981749,17.77439393,14.74593015
2.046,13.79758943,17.77146657,14.74522867
2.048,13.79677149,17.76868859,14.74467807
2.05,13.79621347,17.76604491,14.74446085
2.052,13.79624566,17.7634146,14.74459564
2.054,13.79638079,17.7603337,14.74502193
2.056,13.79645977,17.75717657,14.74542619
2.058,13.79661283,17.75388101,14.74595469
2.06,13.79668253,17.75061101,14.74661458
2.062,13.79660045,17.74737504,14.7475467
2.064,13.79655595,17.74425535,14.74824803
2.066,13.79675966,17.74124877,14.74908595
2.068,13.79692901,17.73840007,14.74980266
2.07,13.79735235,17.73546603,14.75115834
2.072,13.7980293,17.7325125,14.75234238
2.074,13.79880375,17.72977488,14.75385446
2.076,13.79948887,17.72716795,14.75530599
2.078,13.80005031,17.72470342,14.75697829
2.08,13.80047384,17.72178184,14.75858139
2.082,13.80057798,17.7188902,14.76013654
2.084,13.80119417,17.71603311,14.76179861
2.086,13.80184016,17.71337703,14.76345088
2.088,13.80289812,17.71096158,14.76503378
2.09,13.80432816,17.70869177,14.76652067
2.092,13.80607428,17.70703217,14.76805887
2.094,13.80825793,17.70590133,14.76938895
2.096,13.81051895,17.70445331,14.77085772
2.098,13.81291755,17.70321389,14.77240222
2.1,13.81532346,17.70215685,14.77391788
2.102,13.81771697,17.70119479,14.77515047
2.104,13.82021816,17.70037485,14.77642803
2.106,13.82271277,17.69936713,14.7775884
2.108,13.82544484,17.69799348,14.778655
2.11,13.82814531,17.69666453,14.77975134
2.112,13.83103496,17.69555841,14.78084905
2.114,13.8338256,17.6945958,14.78221193
2.116,13.83666132,17.6935633,14.78323717
2.118,13.83954433,17.69253277,14.78416277
2.12,13.8423677,17.69154175,14.78469101
2.122,13.8454536,17.6908408,14.78564945
2.124,13.84836391,17.69033429,14.78674631
2.126,13.85097361,17.6900002,14.78798695
2.128,13.8533918,17.68971973,14.78906979
2.13,13.85595116,17.68941708,14.78997031
2.132,13.85846015,17.68897075,14.79108972
2.134,13.86068014,17.68799188,14.79194309
2.136,13.86294879,17.68703039,14.79252848
2.138,13.86502427,17.68636435,14.79270064
2.14,13.86724585,17.68585589,14.79250852
2.142,13.86951644,17.68515977,14.79235729
2.144,13.87164978,17.68480618,14.79178347
2.146,13.8737316,17.68472598,14.79149488
2.148,13.8758472,17.68461884,14.79116241
2.15,13.87777764,17.68437877,14.79077787
2.152,13.87968956,17.68413136,14.79057985
2.154,13.88189234,17.68416592,14.79063101
2.156,13.8840434,17.68446259,14.79095907
2.158,13.88633512,17.68505255,14.7910847
2.16,13.88903961,17.68547312,14.7911011
2.162,13.89154594,17.68591374,14.79106825
2.164,13.89389406,17.6862458,14.7908683
2.166,13.89642433,17.68650987,14.79054875
2.168,13.8989314,17.68672423,14.7899001
2.17,13.90124968,17.6867878,14.78917434
2.172,13.90361408,17.68715783,14.78846013
2.174,13.90592135,17.68793158,14.78785365
2.176,13.90793767,17.68895085,14.78719488
2.178,13.9099819,17.68978578,14.78633713
2.18,13.91208601,17.6906482,14.78561023
2.182,13.91411223,17.69146066,14.78494788
2.184,13.91595232,17.6924383,14.78432533
2.186,13.91776578,17.69349986,14.78317703
2.188,13.91951422,17.69451009,14.78181362
2.19,13.92145242,17.69546813,14.78085831
2.192,13.92345892,17.69635881,14.77975014
2.194,13.92523341,17.6970751,14.77860722
2.196,13.9268679,17.69786551,14.77727334
2.198,13.92841229,17.69891943,14.77594915
2.2,13.92970322,17.69959638,14.77454412
2.202,13.93090606,17.7005977,14.77292501
2.204,13.93202578,17.70139022,14.77117534
2.206,13.93308767,17.70230365,14.76940203
2.208,13.93398352,17.70321337,14.76748631
2.21,13.93479428,17.70389718,14.76544642
2.212,13.93566373,17.70464009,14.7631354
2.214,13.93610518,17.70535717,14.76095791
2.216,13.9364866,17.70609853,14.75877535
2.218,13.93678763,17.7069433,14.75687658
2.22,13.93684465,17.70771327,14.75515887
2.222,13.9364987,17.70821438,14.75369789
2.224,13.93584107,17.70886529,14.75251091
2.226,13.93523068,17.70963844,14.75130334
2.228,13.93465284,17.71032983,14.74996747
2.23,13.93411137,17.71102884,14.74845652
2.232,13.93383782,17.71195872,14.74721375
2.234,13.93331596,17.71258321,14.74617989
2.236,13.93279247,17.71340899,14.74525172
2.238,13.93223899,17.71445083,14.74450831
2.24,13.93187557,17.71565942,14.74372139
2.242,13.93156826,17.71674113,14.7430765
2.244,13.93163746,17.71790172,14.74227434
2.246,13.93177431,17.71931947,14.74160237
2.248,13.93148786,17.72069665,14.74125771
2.25,13.93102488,17.72233246,14.74086439
2.252,13.93063589,17.72395796,14.74038125
2.254,13.93029848,17.72526305,14.73996314
2.256,13.93007676,17.72630916,14.74002885
2.258,13.92991571,17.72782788,14.74006862
2.26,13.92963515,17.72937643,14.74034003
2.262,13.92939313,17.73067845,14.74068315
2.264,13.9291373,17.73208726,14.74121372
2.266,13.92891286,17.73307498,14.74204292
2.268,13.92847568,17.73389099,14.74313333
2.27,13.92808051,17.73506898,14.74479139
2.272,13.92752248,17.73609661,14.7469788
2.274,13.92685712,17.73719464,14.7491244
2.276,13.92608012,17.7381471,14.75126469
2.278,13.92520018,17.73929442,14.75349065
2.28,13.92439362,17.740038,14.75576094
2.282,13.92347135,17.7403444,14.75777809
2.284,13.92257471,17.7405394,14.75958704
2.286,13.92214989,17.74102608,14.76108182
2.288,13.9215678,17.74142529,14.7626441
2.29,13.92117761,17.74143035,14.76441766
2.292,13.92126922,17.74139895,14.76610358
2.294,13.92133266,17.74137502,14.76773307
2.296,13.92165241,17.7414563,14.76905223
2.298,13.92202823,17.74167307,14.77036879
2.3,13.92257639,17.74181163,14.77154157
2.302,13.9230813,17.74169312,14.77266704
2.304,13.92331982,17.74180073,14.77373682
2.306,13.92315239,17.74193614,14.77496971
2.308,13.92308584,17.74218065,14.77585936
2.31,13.92356686,17.74220229,14.77655425
2.312,13.92412194,17.74185792,14.77705045
2.314,13.92460508,17.74146793,14.77736259
2.316,13.92483081,17.7409009,14.7777678
2.318,13.92517992,17.74000353,14.77826656
2.32,13.92565258,17.73940018,14.77858009
2.322,13.92628651,17.73849942,14.77902007
2.324,13.92682278,17.73706322,14.77916209
2.326,13.92710652,17.73516441,14.77909782
2.328,13.92766661,17.73280843,14.77895556
2.33,13.92822794,17.73054301,14.77881717
2.332,13.92889616,17.72832592,14.77887049
2.334,13.92923671,17.72584285,14.7785978
2.336,13.92976527,17.72341745,14.77809562
2.338,13.93029648,17.72114261,14.77769379
2.34,13.93094763,17.7187304,14.7774244
2.342,13.93161806,17.71634838,14.77714609
2.344,13.93231814,17.71384105,14.77641556
2.346,13.93265438,17.71118453,14.77555975
2.348,13.9331851,17.70835747,14.77461287
2.35,13.93375588,17.70573467,14.77353514
2.352,13.93433095,17.70281791,14.77248331
2.354,13.93488731,17.70032186,14.7710888
2.356,13.9351225,17.69773839,14.76984613
2.358,13.93550756,17.69524324,14.76860676
2.36,13.93621902,17.69277517,14.76730099
2.362,13.93689603,17.6904001,14.76595258
2.364,13.93742081,17.68823093,14.76472799
2.366,13.93815048,17.68621963,14.76378755
2.368,13.93896439,17.6841629,14.76287669
2.37,13.93964033,17.68206433,14.76186711
2.372,13.94002475,17.67995862,14.76071623
2.374,13.9407206,17.67805257,14.75978932
2.376,13.94139184,17.67620116,14.75875539
2.378,13.94180398,17.67420163,14.75770687
2.38,13.94203084,17.6722611,14.75657107
2.382,13.9424305,17.6702226,14.75574283
2.384,13.94278503,17.66801433,14.75499612
2.386,13.94313282,17.66576128,14.75436791
2.388,13.94367897,17.66343836,14.75367026
2.39,13.94407956,17.66142202,14.75294118
2.392,13.94404291,17.65971509,14.75240675
2.394,13.94396483,17.65788121,14.75205377
2.396,13.94392154,17.65635672,14.75154982
2.398,13.94380762,17.65472951,14.75114152
2.4,13.94342752,17.65323976,14.75116376
2.402,13.94312941,17.65160429,14.75141701
2.404,13.94258592,17.64998062,14.7515593
2.406,13.94182546,17.64831096,14.75163782
2.408,13.9412439,17.64673567,14.75190487
2.41,13.94098353,17.64530844,14.75251815
2.412,13.94066477,17.64409771,14.75336242
2.414,13.94027075,17.64314773,14.75429638
2.416,13.93970214,17.64241012,14.75538223
2.418,13.93914319,17.64179344,14.7564964
2.42,13.93896264,17.64098929,14.75737553
2.422,13.93867375,17.64006165,14.7582684
2.424,13.9384688,17.63924795,14.75929789
2.426,13.938295,17.63834606,14.76038653
2.428,13.93814752,17.63723323,14.7615847
2.43,13.93802527,17.63594563,14.76295685
2.432,13.93794983,17.63509363,14.76430261
2.434,13.93768414,17.63405116,14.76598622
2.436,13.93724366,17.63320703,14.76767142
2.438,13.93693296,17.63217313,14.76943035
2.44,13.93655995,17.63150268,14.77115368
2.442,13.9361316,17.63060076,14.77324952
2.444,13.93563348,17.6295547,14.77505307
2.446,13.93494519,17.62875166,14.77671372
2.448,13.93439707,17.62802631,14.77842439
2.45,13.93367691,17.62713866,14.78052623
2.452,13.93292926,17.62614998,14.78260517
2.454,13.93193801,17.62529738,14.78462113
2.456,13.93092423,17.62432094,14.78645537
2.458,13.92969079,17.62333107,14.78819169
2.46,13.92891586,17.62257948,14.78965304
2.462,13.92839369,17.62202223,14.79113344
2.464,13.9277625,17.62183874,14.79295382
2.466,13.92731114,17.6217976,14.79482325
2.468,13.9268633,17.62140697,14.7967533
2.47,13.92628851,17.62112497,14.79843008
2.472,13.92568331,17.62083054,14.80013395
2.474,13.92491459,17.62056201,14.80191513
2.476,13.92401015,17.620466,14.80338886
2.478,13.92329732,17.62042006,14.80466617
2.48,13.92236157,17.62040187,14.80577619
2.482,13.92101864,17.62031491,14.8069479
2.484,13.91950265,17.62006042,14.8081895
2.486,13.91801019,17.62009481,14.80954226
2.488,13.91680713,17.62008857,14.81066953
2.49,13.91556247,17.62030888,14.81177465
2.492,13.91408246,17.62067406,14.81280765
2.494,13.91259227,17.62094111,14.8135159
2.496,13.91096386,17.6212767,14.81421898
2.498,13.90965866,17.62191877,14.81501201
2.5,13.90802124,17.62279542,14.81553979
2.502,13.90680441,17.62364288,14.81600899
2.504,13.90562337,17.62471721,14.8167626
2.506,13.90439922,17.62593717,14.81749406
2.508,13.90288862,17.62715484,14.81806604
2.51,13.90141548,17.62846546,14.8185466
2.512,13.89996934,17.62978791,14.81899516
2.514,13.89849184,17.63089912,14.81906903
2.516,13.89703633,17.63210714,14.81928472
2.518,13.89611265,17.63325374,14.819558
2.52,13.89532197,17.63467475,14.81950171
2.522,13.89450475,17.63613312,14.81948921
2.524,13.89331202,17.63785189,14.81919371
2.526,13.89231018,17.63942429,14.81903547
2.528,13.89151587,17.64112971,14.81913623
2.53,13.89069935,17.64279454,14.81937638
2.532,13.88993862,17.64470029,14.81945839
2.534,13.88932418,17.64659975,14.81962351
2.536,13.88873164,17.64854566,14.81984517
2.538,13.88807986,17.65052374,14.81987078
2.54,13.88753291,17.65247549,14.82003163
2.542,13.88750867,17.6544871,14.82016048
2.544,13.8872572,17.65667967,14.82060833
2.546,13.88671061,17.65887948,14.8210963
2.548,13.88593908,17.6608407,14.82167947
2.55,13.88541703,17.66274147,14.82238865
2.552,13.88479556,17.66467309,14.82302353
2.554,13.88471476,17.66684261,14.82353123
2.556,13.88397392,17.66882996,14.8241044
2.558,13.88309562,17.67105319,14.82482995
2.56,13.88245448,17.67343226,14.82544123
2.562,13.88172306,17.67590457,14.82604621
2.564,13.88080612,17.67850057,14.8263254
2.566,13.87981019,17.68108965,14.82652796
2.568,13.87877277,17.68346413,14.82645866
2.57,13.8778418,17.68529506,14.82618188
2.572,13.87723996,17.68705212,14.82594491
2.574,13.87651945,17.68892508,14.82548251
2.576,13.87589891,17.69104693,14.82524329
2.578,13.87556453,17.69314849,14.82476463
2.58,13.87498476,17.69530373,14.82435999
2.582,13.87408738,17.69727001,14.82423035
2.584,13.87290847,17.69894564,14.82379418
2.586,13.87184999,17.70028466,14.82328004
2.588,13.87069404,17.7018001,14.8228326
2.59,13.8695727,17.7034572,14.82242526
2.592,13.86853985,17.70522322,14.82184141
2.594,13.86734798,17.70655901,14.82126186
2.596,13.86579089,17.70786114,14.82085303
2.598,13.86420473,17.70962228,14.82066922
2.6,13.86288632,17.71167472,14.82046818
2.602,13.86137032,17.71365598,14.81996104
2.604,13.85987221,17.71512618,14.81957967
2.606,13.8582902,17.71667351,14.81932722
2.608,13.856958,17.71803567,14.81941506
2.61,13.85572401,17.71924078,14.81946526
2.612,13.85455615,17.72048354,14.81956149
2.614,13.85359279,17.72186266,14.81943369
2.616,13.85271314,17.72292464,14.81918543
2.618,13.85187695,17.72387695,14.81867541
2.62,13.85092131,17.72455131,14.81829122
2.622,13.85001669,17.72487578,14.81769427
2.624,13.848907,17.72477221,14.81743147
2.626,13.84781731,17.72469831,14.81726042
2.628,13.84653559,17.72460206,14.81732287
2.63,13.8456478,17.72470023,14.81722897
2.632,13.84479394,17.7247869,14.81704237
2.634,13.84399882,17.72507617,14.81675649
2.636,13.84336531,17.72512026,14.81644087
2.638,13.84292928,17.72515164,14.81594311
2.64,13.84289762,17.72552378,14.81561418
2.642,13.84304664,17.72578994,14.81508527
2.644,13.84342064,17.72641255,14.81428485
2.646,13.84372296,17.72702796,14.81331291
2.648,13.84356093,17.72791757,14.81222054
2.65,13.84335478,17.72925745,14.81085847
2.652,13.84285065,17.73039352,14.80943486
2.654,13.84264236,17.73127202,14.80829289
2.656,13.84257989,17.73225634,14.80701785
2.658,13.84251604,17.73302277,14.80579079
2.66,13.84257368,17.73354566,14.80460616
2.662,13.84270892,17.7342058,14.80324414
2.664,13.84286447,17.73506963,14.80191027
2.666,13.84288411,17.73574506,14.80047563
2.668,13.84304609,17.73652198,14.79910591
2.67,13.84324823,17.73712578,14.79772219
2.672,13.84358454,17.7380174,14.79623971
2.674,13.84412396,17.73904146,14.79465034
2.676,13.84457225,17.74031961,14.79316246
2.678,13.84475556,17.7411867,14.79178558
2.68,13.84487296,17.74200443,14.79025915
2.682,13.845159,17.74278356,14.78875137
2.684,13.84537486,17.74353824,14.78715638
2.686,13.84567633,17.74410248,14.78556534
2.688,13.84609202,17.74456677,14.78416342
2.69,13.84669986,17.74509606,14.78279815
2.692,13.84744828,17.74614251,14.7815619
2.694,13.848442,17.74700536,14.780271
2.696,13.84966264,17.74772879,14.7791433
2.698,13.8507326,17.74817072,14.77816275
2.7,13.85188973,17.74872684,14.77692006
2.702,13.85298516,17.74946546,14.77589245
2.704,13.8536522,17.74989763,14.77481371
2.706,13.85462931,17.75055399,14.77403251
2.708,13.85570469,17.75107163,14.77328563
2.71,13.85689367,17.75182704,14.77260552
2.712,13.85814952,17.75244649,14.77160577
2.714,13.85950696,17.7531427,14.77039834
2.716,13.86055276,17.75346487,14.76934437
2.718,13.86161666,17.75390237,14.76831065
2.72,13.86274069,17.75421767,14.76747173
2.722,13.86381448,17.75473817,14.76692509
2.724,13.86505254,17.75497936,14.76649675
2.726,13.86620059,17.75506852,14.76602096
2.728,13.86738651,17.75504701,14.76545477
2.73,13.86855964,17.75491516,14.76516434
2.732,13.86987699,17.75447276,14.76477817
2.734,13.87131007,17.7543798,14.76433089
2.736,13.87289455,17.75428132,14.76412622
2.738,13.87440856,17.75434088,14.76429068
2.74,13.87550422,17.75437327,14.76472861
2.742,13.87669795,17.75446562,14.76504597
2.744,13.87747429,17.75455817,14.76549619
2.746,13.87823712,17.75443429,14.76606244
2.748,13.8791831,17.75413169,14.7662786
2.75,13.88006666,17.75405313,14.76639141
2.752,13.88087261,17.75356703,14.766427
2.754,13.88164439,17.75321168,14.76641717
2.756,13.88255215,17.75307018,14.76666823
2.758,13.88316151,17.75301616,14.76703793
2.76,13.88369475,17.75292195,14.76738597
2.762,13.88394136,17.75276851,14.76776174
2.764,13.88406307,17.75288919,14.76836791
2.766,13.88442809,17.75266307,14.76892408
2.768,13.88482395,17.75280389,14.76970974
2.77,13.88504569,17.7529353,14.77026277
2.772,13.88490391,17.75305331,14.77061738
2.774,13.88459133,17.75283164,14.77117803
2.776,13.88447722,17.75275447,14.771978
2.778,13.88410343,17.75272878,14.77271186
2.78,13.88360528,17.75266254,14.773621
2.782,13.88301636,17.7524241,14.7744466
2.784,13.88213283,17.75202169,14.77524544
2.786,13.88104427,17.75175532,14.77597317
2.788,13.87999633,17.7518634,14.77686236
2.79,13.87901199,17.75222789,14.77819605
2.792,13.87790584,17.7525818,14.77975856
2.794,13.87652016,17.75311753,14.78106533
2.796,13.87490017,17.75382935,14.78257423
2.798,13.87325664,17.75441577,14.78373775
2.8,13.87175801,17.75519424,14.78505293
2.802,13.87019926,17.75573828,14.78658079
2.804,13.86838699,17.75612266,14.78823839
2.806,13.86591095,17.75656428,14.78994212
2.808,13.86326603,17.75683083,14.79166641
2.81,13.86038388,17.75689819,14.79386396
2.812,13.85733005,17.75645154,14.79628349
2.814,13.85410972,17.75631841,14.79876405
2.816,13.85101843,17.75616164,14.80130249
2.818,13.84796984,17.75587143,14.80385362
2.82,13.84463349,17.75580522,14.8066211
2.822,13.84125014,17.75587391,14.80930603
2.824,13.83782116,17.75580884,14.81177716
2.826,13.83426451,17.75568131,14.81397065
2.828,13.83076395,17.75575196,14.81612845
2.83,13.82699478,17.75559683,14.8179497
2.832,13.82299751,17.75545704,14.81951563
2.834,13.81890547,17.7549225,14.82081551
2.836,13.81502412,17.75464948,14.82221219
2.838,13.81088347,17.75463951,14.82322683
2.84,13.80678825,17.75424734,14.8241375
2.842,13.80237353,17.75408407,14.82492587
2.844,13.7980991,17.75399741,14.82567454
2.846,13.79381415,17.75378579,14.8258905
2.848,13.78948882,17.75355759,14.82618591
2.85,13.78555882,17.7534289,14.82618712
2.852,13.78160464,17.7534281,14.82610324
2.854,13.77749639,17.75320413,14.82588516
2.856,13.77330844,17.75318065,14.82588021
2.858,13.76918881,17.75327087,14.8258632
2.86,13.76543296,17.75329262,14.82572856
2.862,13.76158486,17.75313301,14.82523055
2.864,13.75767029,17.75322567,14.82477732
2.866,13.75393284,17.75343545,14.82404911
2.868,13.7503956,17.75349201,14.82314716
2.87,13.74718887,17.75397789,14.82206932
2.872,13.74414216,17.75464892,14.821119
2.874,13.74084308,17.75547606,14.82046631
2.876,13.73812393,17.75630774,14.81983371
2.878,13.73574664,17.7570547,14.81902109
2.88,13.73355281,17.75790529,14.81819179
2.882,13.73152012,17.75877182,14.81742201
2.884,13.72951318,17.75981115,14.81650463
2.886,13.72743492,17.76104509,14.8155454
2.888,13.72566977,17.76260802,14.8144796
2.89,13.72388061,17.7640931,14.81331447
2.892,13.72228653,17.76576472,14.8121272
2.894,13.72092871,17.76770697,14.81080458
2.896,13.71988848,17.76974283,14.80948641
2.898,13.71896866,17.77171612,14.80804006
2.9,13.71822167,17.77357307,14.80677661
2.902,13.71742906,17.77561144,14.80538031
2.904,13.71685879,17.7776816,14.80422382
2.906,13.71681123,17.7795805,14.80305864
2.908,13.71671087,17.78186552,14.80178177
2.91,13.71647488,17.78418153,14.80067114
2.912,13.7167043,17.78640681,14.79991198
2.914,13.71726613,17.78852497,14.79906378
2.916,13.71800453,17.79066669,14.79810773
2.918,13.71894308,17.79271929,14.79701449
2.92,13.72009422,17.79493333,14.795753
2.922,13.72122879,17.79696194,14.79460646
2.924,13.72258108,17.79906416,14.79308215
2.926,13.7240926,17.80129898,14.79159994
2.928,13.72556982,17.8035409,14.79013923
2.93,13.72721992,17.80552755,14.78866327
2.932,13.72862669,17.80806351,14.78726546
2.934,13.73022814,17.81053692,14.78607684
2.936,13.73191485,17.81306225,14.78474295
2.938,13.7338624,17.81560868,14.78356896
2.94,13.73562733,17.81834174,14.78283082
2.942,13.73710885,17.8211184,14.78234979
2.944,13.73860022,17.82361764,14.78200114
2.946,13.7403735,17.82625684,14.7815138
2.948,13.7420468,17.82891442,14.78116689
2.95,13.74390379,17.83147595,14.78091562
2.952,13.74572516,17.83401591,14.78058689
2.954,13.74761145,17.83684215,14.78030046
2.956,13.74995463,17.83950827,14.779971
2.958,13.75193905,17.84186158,14.77966707
2.96,13.7541453,17.84447896,14.77972925
2.962,13.75710214,17.84725664,14.77956198
2.964,13.76005577,17.84974961,14.77937252
2.966,13.762823,17.85207891,14.77928847
2.968,13.76580339,17.85443287,14.77874993
2.97,13.76893571,17.85695812,14.77805389
2.972,13.77181924,17.85937137,14.77723584
2.974,13.7746081,17.8619728,14.77634319
2.976,13.77757135,17.86444279,14.7753856
2.978,13.78054484,17.86649173,14.77452771
2.98,13.78355396,17.86850091,14.77378586
2.982,13.78642268,17.87046179,14.77315225
2.984,13.78927325,17.87227077,14.77268308
2.986,13.79219384,17.87407935,14.77227686
2.988,13.79502622,17.87556285,14.77172932
2.99,13.79787232,17.87720616,14.77146101
2.992,13.80059273,17.87887201,14.77123048
2.994,13.80292214,17.8802898,14.77079313
2.996,13.80510392,17.88101303,14.77004101
2.998,13.80692398,17.88213215,14.76927353
3,13.80850039,17.8832686,14.76886839
3.002,13.80993139,17.88425326,14.76850012
3.004,13.81153682,17.88531497,14.76811879
3.006,13.81266541,17.88602748,14.76762132
3.008,13.81328557,17.88666922,14.76685615
3.01,13.81362776,17.88731827,14.76648565
3.012,13.8143345,17.88791713,14.76592734
3.014,13.81478725,17.88831663,14.76546305
3.016,13.81472437,17.88823837,14.76479596
3.018,13.8145432,17.88823121,14.76409657
3.02,13.81423508,17.88778147,14.76373313
3.022,13.8136627,17.88733054,14.76343303
3.024,13.81328296,17.88692093,14.76329868
3.026,13.8129359,17.88619331,14.76329822
3.028,13.81222237,17.88544261,14.76347996
3.03,13.81147016,17.88462501,14.76353695
3.032,13.81057235,17.88365971,14.76347642
3.034,13.80930717,17.88281237,14.76345616
3.036,13.80746982,17.8816339,14.76331195
3.038,13.80555244,17.88017981,14.76327397
3.04,13.80363695,17.87870943,14.76317936
3.042,13.80183665,17.87733631,14.76312802
3.044,13.79975006,17.87578132,14.76281104
3.046,13.7972627,17.874092,14.76222138
3.048,13.79482803,17.87218633,14.76123125
3.05,13.79237672,17.8700374,14.76007762
3.052,13.79016296,17.86770802,14.75864567
3.054,13.78771166,17.86525882,14.75721531
3.056,13.78531229,17.86272904,14.75563665
3.058,13.78309388,17.85980384,14.7542696
3.06,13.78110116,17.85663741,14.75264955
3.062,13.77917265,17.85336057,14.75109217
3.064,13.77716613,17.85010176,14.74952216
3.066,13.77491959,17.84694526,14.74764208
3.068,13.77266365,17.84402026,14.74573138
3.07,13.77032365,17.84096922,14.74360037
3.072,13.76809207,17.83807339,14.74152838
3.074,13.7655197,17.83510141,14.73974781
3.076,13.76289619,17.83189096,14.73800645
3.078,13.76055859,17.82885861,14.73660912
3.08,13.75828331,17.82595429,14.73535101
3.082,13.75599326,17.82317731,14.73457318
3.084,13.75378018,17.82050915,14.73403746
3.086,13.75191898,17.81796742,14.73372288
3.088,13.75019514,17.81513452,14.73359134
3.09,13.74857148,17.8125359,14.7336207
3.092,13.74695635,17.81034715,14.73380945
3.094,13.7456519,17.80839821,14.73403491
3.096,13.74467491,17.80660024,14.73477848
3.098,13.74367395,17.80485716,14.7354171
3.1,13.74276541,17.80308144,14.73562905
3.102,13.74180334,17.80163579,14.73595884
3.104,13.74077699,17.80029967,14.73651918
3.106,13.73974044,17.79926518,14.73701963
3.108,13.73895779,17.79808089,14.73772313
3.11,13.73836321,17.79673738,14.73866771
3.112,13.73777918,17.79550266,14.73984916
3.114,13.73724126,17.79413072,14.7409188
3.116,13.73697592,17.793091,14.7419368
3.118,13.73710399,17.79206537,14.74319171
3.12,13.7370613,17.79078987,14.74453829
3.122,13.73695882,17.78977326,14.7458506
3.124,13.73703052,17.78918754,14.74715636
3.126,13.73709604,17.78867285,14.74871969
3.128,13.73711134,17.78816101,14.75045205
3.13,13.73687454,17.78787373,14.75196303
3.132,13.73677158,17.78803665,14.75365561
3.134,13.73666315,17.78832705,14.75549068
3.136,13.73664466,17.78871965,14.7572243
3.138,13.73706449,17.78903409,14.75905899
3.14,13.73762216,17.78949645,14.76107028
3.142,13.73842638,17.79001838,14.76344878
3.144,13.73936221,17.79042443,14.76587804
3.146,13.74039315,17.79049342,14.76826122
3.148,13.74170399,17.79038822,14.77068116
3.15,13.74307707,17.79035106,14.77274501
3.152,13.74414795,17.79018835,14.77501156
3.154,13.74524514,17.79024785,14.77723536
3.156,13.74634717,17.79060229,14.77969257
3.158,13.74759193,17.79063718,14.78221742
3.16,13.74892259,17.79079808,14.78465957
3.162,13.75035935,17.79114207,14.78681498
3.164,13.75169425,17.79175347,14.78858362
3.166,13.75306009,17.79242903,14.79047459
3.168,13.75465387,17.79329516,14.79223644
3.17,13.75590696,17.79392421,14.79411035
3.172,13.75702647,17.7946147,14.79650912
3.174,13.7579825,17.79537021,14.79840022
3.176,13.75882078,17.79631312,14.80024926
3.178,13.75953798,17.79694974,14.80191889
3.18,13.76031582,17.79761216,14.80378848
3.182,13.76096989,17.79810605,14.8056575
3.184,13.76131525,17.79835196,14.80715451
3.186,13.7615523,17.79840012,14.80874032
3.188,13.76171044,17.79821679,14.80981225
3.19,13.76159227,17.79787088,14.81090373
3.192,13.76170797,17.79717333,14.81168204
3.194,13.76180007,17.79634351,14.81236728
3.196,13.76152682,17.79558283,14.81260502
3.198,13.76099079,17.79499565,14.81292726
3.2,13.76023449,17.79427556,14.81319143
3.202,13.75945581,17.79347219,14.81342063
3.204,13.75853954,17.79254433,14.81353978
3.206,13.75766697,17.79152822,14.8137626
3.208,13.75670757,17.79056856,14.81356318
3.21,13.75570448,17.78948887,14.8132403
3.212,13.75457689,17.78871482,14.81252284
3.214,13.7533575,17.78850051,14.81166781
3.216,13.75220927,17.78804841,14.81058562
3.218,13.75124462,17.78770162,14.80966857
3.22,13.7506122,17.78706094,14.80838014
3.222,13.74991749,17.78667383,14.80691758
3.224,13.74911991,17.78594961,14.80526377
3.226,13.74836042,17.78509268,14.80386105
3.228,13.74747775,17.78439218,14.80255754
3.23,13.74691415,17.78366994,14.80114149
3.232,13.74673744,17.78323938,14.79957067
3.234,13.7467012,17.78313455,14.79774368
3.236,13.74697991,17.78306087,14.79579044
3.238,13.74727424,17.78284003,14.79391494
3.24,13.74786898,17.78265745,14.79231373
3.242,13.74849212,17.78262736,14.79040201
3.244,13.74900916,17.78299842,14.78865487
3.246,13.7491662,17.78324233,14.78723019
3.248,13.74966841,17.78391938,14.78572737
3.25,13.75054002,17.78484236,14.78412398
3.252,13.75176735,17.78568659,14.78286429
3.254,13.75302591,17.78675704,14.78145238
3.256,13.75441575,17.78799295,14.78026083
3.258,13.75578255,17.78923616,14.77946628
3.26,13.75724642,17.79026801,14.77855304
3.262,13.75892083,17.79137881,14.77759092
3.264,13.76057233,17.79279211,14.77685322
3.266,13.76228796,17.79416501,14.7763247
3.268,13.7643159,17.79575481,14.77584656
3.27,13.76602383,17.79759912,14.77539099
3.272,13.76814472,17.79948656,14.77495792
3.274,13.77003196,17.80127798,14.77455899
3.276,13.77182899,17.80316032,14.77437404
3.278,13.77371907,17.80505417,14.77449183
3.28,13.77546693,17.80694632,14.77451933
3.282,13.77739338,17.80872158,14.77462006
3.284,13.7790311,17.81020447,14.77480678
3.286,13.78045208,17.81194274,14.77499786
3.288,13.78200643,17.81343875,14.7750921
3.29,13.78351081,17.81478245,14.77511184
3.292,13.78498442,17.81615932,14.77489037
3.294,13.78628792,17.81777959,14.77444981
3.296,13.78744292,17.81938117,14.77430686
3.298,13.78876781,17.8208187,14.7741253
3.3,13.79023857,17.82231616,14.77383541
3.302,13.79156338,17.82384954,14.77354465
3.304,13.7925972,17.82500418,14.77313383
3.306,13.79352319,17.82643641,14.77236832
3.308,13.79446822,17.82797104,14.77163881
3.31,13.79522934,17.82968222,14.77075013
3.312,13.79605377,17.83133118,14.76962217
3.314,13.79697567,17.83302771,14.76869883
3.316,13.7980333,17.83437675,14.76763582
3.318,13.79894091,17.83571982,14.76699668
3.32,13.79968337,17.83686036,14.76663366
3.322,13.80035352,17.83851091,14.76632438
3.324,13.80098103,17.84021762,14.76580618
3.326,13.80181209,17.84150004,14.76545121
3.328,13.80267415,17.84291469,14.76490128
3.33,13.8032507,17.84417357,14.76420919
3.332,13.80359945,17.84547142,14.76340463
3.334,13.80371804,17.84693081,14.76232649
3.336,13.8038304,17.84848223,14.7612485
3.338,13.80397956,17.84995455,14.76003637
3.34,13.80371667,17.85132865,14.75870435
3.342,13.8035466,17.85263499,14.75786372
3.344,13.80339177,17.85369177,14.75700104
3.346,13.80288893,17.85467856,14.75643154
3.348,13.80228134,17.85575752,14.75628936
3.35,13.80193197,17.85709539,14.75597734
3.352,13.80164888,17.85861456,14.7557031
3.354,13.80167801,17.8601371,14.75534953
3.356,13.80186781,17.86170691,14.75519047
3.358,13.80237837,17.86328724,14.75474853
3.36,13.80288387,17.86489383,14.75452871
3.362,13.80370211,17.8662146,14.75428006
3.364,13.80435579,17.86754778,14.75392081
3.366,13.80468649,17.86888061,14.75343638
3.368,13.80491044,17.87022165,14.75341943
3.37,13.80517143,17.87153904,14.75348963
3.372,13.80575524,17.8726676,14.7532647
3.374,13.80610869,17.87352855,14.75329328
3.376,13.80670378,17.87469885,14.75344876
3.378,13.80722249,17.87590933,14.75335097
3.38,13.80797589,17.87668183,14.75277623
3.382,13.80846874,17.87756382,14.75199257
3.384,13.80914375,17.87806043,14.75103169
3.386,13.80953784,17.87877321,14.75004555
3.388,13.80961784,17.87924652,14.74960138
3.39,13.80961597,17.87950608,14.74942418
3.392,13.80944853,17.87975128,14.74931836
3.394,13.80923031,17.87958668,14.74945286
3.396,13.80862817,17.87947438,14.74936818
3.398,13.80805551,17.87912521,14.74938101
3.4,13.80759477,17.87894517,14.74916164
3.402,13.80749118,17.87905366,14.74922773
3.404,13.80726052,17.87881015,14.7491519
3.406,13.8071229,17.8782836,14.74901951
3.408,13.8071444,17.87791983,14.74918398
3.41,13.80689255,17.87758998,14.74934407
3.412,13.806473,17.87719504,14.74966592
3.414,13.80587291,17.87663827,14.74949265
3.416,13.80493053,17.87590637,14.74911771
3.418,13.80388969,17.87522083,14.74875238
3.42,13.80297407,17.87415361,14.74879707
3.422,13.80179429,17.87321079,14.74877446
3.424,13.8006386,17.87222499,14.74877553
3.426,13.79911816,17.87132504,14.74872147
3.428,13.79748854,17.87056257,14.74891775
3.43,13.79601181,17.86997773,14.74903767
3.432,13.79496858,17.86899382,14.74916931
3.434,13.79415026,17.8677487,14.74892332
3.436,13.79341907,17.86636993,14.74842972
3.438,13.79289694,17.86470838,14.74800727
3.44,13.79248979,17.86308019,14.74774217
3.442,13.79196973,17.86143961,14.74752943
3.444,13.79180877,17.85959564,14.74713919
3.446,13.79180486,17.8574118,14.74654583
3.448,13.79173603,17.85508005,14.74584459
3.45,13.79161247,17.85295568,14.74523233
3.452,13.79136263,17.85086278,14.74479161
3.454,13.79092395,17.84895801,14.74425422
3.456,13.7902906,17.84710107,14.74350133
3.458,13.78976693,17.84538085,14.74242797
3.46,13.78918675,17.84362002,14.7417526
3.462,13.78885105,17.84187293,14.74092959
3.464,13.78854904,17.84020751,14.74049397
3.466,13.788446,17.8383803,14.73987637
3.468,13.78860536,17.83677273,14.73939594
3.47,13.78888232,17.83478964,14.73927404
3.472,13.78940167,17.83287674,14.73919335
3.474,13.78983571,17.83101784,14.7392648
3.476,13.79049258,17.82929017,14.73945381
3.478,13.7913973,17.82764634,14.73969561
3.48,13.79261158,17.82601247,14.74035219
3.482,13.79386205,17.82452791,14.74118142
3.484,13.79492722,17.82333272,14.74184604
3.486,13.79565781,17.82179271,14.74308409
3.488,13.79663005,17.82015254,14.74443535
3.49,13.79790727,17.81845831,14.74574125
3.492,13.79944996,17.81696363,14.74724307
3.494,13.80079026,17.81517283,14.74853676
3.496,13.80185834,17.81348983,14.7496297
3.498,13.80286034,17.81186324,14.75080496
3.5,13.80366825,17.81011198,14.75187693
3.502,13.80468692,17.80837824,14.75340773
3.504,13.80576775,17.80664,14.75481102
3.506,13.8071268,17.8048861,14.75610224
3.508,13.80862681,17.80313317,14.75754244
3.51,13.80999993,17.80128926,14.75947652
3.512,13.81105299,17.79958443,14.76150954
3.514,13.81207871,17.79820517,14.76324983
3.516,13.8131895,17.79655333,14.76528516
3.518,13.81406569,17.79497134,14.76745223
3.52,13.81519844,17.79370601,14.76954454
3.522,13.81662591,17.79231358,14.77189223
3.524,13.81839571,17.79101648,14.77435225
3.526,13.81996368,17.79005595,14.77714957
3.528,13.82138036,17.78920102,14.78050285
3.53,13.82262158,17.78860436,14.78376005
3.532,13.823938,17.78786657,14.7867477
3.534,13.82502105,17.78718055,14.78973288
3.536,13.82608652,17.78632783,14.79271887
3.538,13.82751672,17.78513644,14.79602936
3.54,13.82862892,17.78391774,14.79938293
3.542,13.82942236,17.78293144,14.80255083
3.544,13.83008175,17.78208075,14.80562791
3.546,13.83065962,17.7811559,14.80884277
3.548,13.83133686,17.78061258,14.81184643
3.55,13.83218177,17.78010488,14.81473951
3.552,13.83319493,17.77963717,14.8172298
3.554,13.83432996,17.77922978,14.81940238
3.556,13.83547342,17.77912917,14.82124923
3.558,13.836305,17.7794926,14.82299414
3.56,13.83692363,17.77945174,14.82441946
3.562,13.83733209,17.77938198,14.8256414
3.564,13.83818919,17.77935763,14.82646627
3.566,13.83909897,17.77879962,14.82713593
3.568,13.83977188,17.77841787,14.82766257
3.57,13.84074062,17.77795747,14.82812452
3.572,13.84189583,17.77746813,14.82855587
3.574,13.84333172,17.7765098,14.8286805
3.576,13.844858,17.77542421,14.82852838
3.578,13.84611284,17.77417448,14.8282605
3.58,13.84726505,17.7727316,14.82807794
3.582,13.84808007,17.77065249,14.82801855
3.584,13.84914129,17.7684834,14.82779408
3.586,13.8502248,17.76651064,14.8273986
3.588,13.85123459,17.76437167,14.82680371
3.59,13.85222643,17.76235,14.82608745
3.592,13.85309075,17.76049153,14.82528093
3.594,13.85430605,17.75886401,14.82467023
3.596,13.85583423,17.75719908,14.82393238
3.598,13.85720802,17.75519862,14.82289323
3.6,13.85815431,17.75312215,14.82194699
3.602,13.8587927,17.75108512,14.82096832
3.604,13.85959415,17.74903169,14.81956055
3.606,13.86014315,17.74690757,14.81793169
3.608,13.86057421,17.74477955,14.81624724
3.61,13.86105838,17.74289895,14.81476406
3.612,13.86153241,17.74113988,14.81347616
3.614,13.86186356,17.73927752,14.81197154
3.616,13.86243694,17.73759041,14.8105425
3.618,13.86307859,17.7360445,14.8090012
3.62,13.86361309,17.73463778,14.80770054
3.622,13.86378266,17.73313924,14.8064302
3.624,13.86413505,17.73172595,14.80507458
3.626,13.86440244,17.73038931,14.8038674
3.628,13.86462692,17.7291267,14.80285007
3.63,13.86496175,17.72783396,14.8015726
3.632,13.86524246,17.72622938,14.80020212
3.634,13.8650726,17.72484129,14.7987708
3.636,13.86476212,17.72334923,14.79726405
3.638,13.86423323,17.72187247,14.79555049
3.64,13.86385696,17.71988533,14.79356852
3.642,13.86341701,17.71789153,14.7918023
3.644,13.86297475,17.71597966,14.79010578
3.646,13.86250244,17.71394888,14.78841417
3.648,13.86192079,17.71206832,14.78686133
3.65,13.86128198,17.71035387,14.78551761
3.652,13.86061357,17.70857759,14.78439584
3.654,13.8598543,17.70663749,14.783206
3.656,13.85908336,17.70485268,14.78197796
3.658,13.85841194,17.7031513,14.78037482
3.66,13.85769867,17.70160006,14.77896809
3.662,13.85704,17.70010781,14.77763499
3.664,13.85629477,17.6988267,14.7764784
3.666,13.85531968,17.69766305,14.77555243
3.668,13.85436723,17.69645798,14.77449202
3.67,13.85344731,17.69569716,14.77330267
3.672,13.85233516,17.69535497,14.77231824
3.674,13.85155724,17.69522402,14.77135365
3.676,13.85069523,17.69495372,14.77050131
3.678,13.84949767,17.69463632,14.76979779
3.68,13.84830613,17.69448582,14.76926578
3.682,13.8468443,17.6943976,14.76907463
3.684,13.84520239,17.69455188,14.76917344
3.686,13.84357535,17.69482174,14.76984031
3.688,13.8421022,17.69529499,14.77076865
3.69,13.84059597,17.69561555,14.77177997
3.692,13.83881565,17.69566701,14.77290289
3.694,13.83673762,17.69584917,14.77402742
3.696,13.83472467,17.69631044,14.77517335
3.698,13.83247412,17.69662472,14.77617841
3.7,13.83040286,17.6969456,14.77714984
3.702,13.8282656,17.69742684,14.77831338
3.704,13.82630499,17.69802248,14.77948971
3.706,13.82427963,17.69878271,14.78070244
3.708,13.82215577,17.69935941,14.78180111
3.71,13.82006117,17.69995102,14.78267904
3.712,13.81788797,17.70062471,14.78353348
3.714,13.81570267,17.70142161,14.78426293
3.716,13.81378863,17.70229665,14.78431153
3.718,13.81213287,17.70296512,14.78467449
3.72,13.81046972,17.70383101,14.78521984
3.722,13.80910439,17.70427809,14.78575128
3.724,13.80800174,17.70478135,14.78655197
3.726,13.80708512,17.70546711,14.78753158
3.728,13.80609121,17.70603343,14.78907591
3.73,13.80545547,17.70679037,14.79065524
3.732,13.80473243,17.70760125,14.79237965
3.734,13.80443417,17.7082356,14.79391984
3.736,13.80393237,17.70884839,14.79524165
3.738,13.80358863,17.70926188,14.79662842
3.74,13.80306923,17.70961069,14.79798321
3.742,13.80258863,17.71002447,14.79939452
3.744,13.80180926,17.71049172,14.80061292
3.746,13.80117201,17.71082469,14.80153579
3.748,13.80044156,17.71101891,14.80222186
3.75,13.79947867,17.71148292,14.80312739
3.752,13.79835848,17.71230521,14.80383133
3.754,13.79741964,17.71289617,14.80449883
3.756,13.79634532,17.71351524,14.80460451
3.758,13.7955351,17.71400252,14.80466415
3.76,13.79511795,17.7144348,14.80450444
3.762,13.79458586,17.71504461,14.80413804
3.764,13.79444769,17.71587024,14.80365336
3.766,13.79457556,17.71642472,14.80337506
3.768,13.79498025,17.71697348,14.80290747
3.77,13.7957072,17.71750549,14.80240795
3.772,13.79661836,17.71810821,14.80199448
3.774,13.79761403,17.71876031,14.80124102
3.776,13.79881501,17.71957613,14.80057293
3.778,13.80035729,17.72028275,14.7996896
3.78,13.80204361,17.72079291,14.79868498
3.782,13.80371803,17.72131894,14.79744015
3.784,13.80544583,17.72160274,14.79604692
3.786,13.80729041,17.72177796,14.79434252
3.788,13.80906866,17.72208176,14.79242474
3.79,13.81109157,17.72245101,14.7904686
3.792,13.81312437,17.72257731,14.7882974
3.794,13.81522905,17.72295299,14.78619116
3.796,13.81760476,17.72356102,14.78414262
3.798,13.82008135,17.72436522,14.78227102
3.8,13.82268916,17.72523752,14.78082157
3.802,13.82562493,17.72628536,14.77892584
3.804,13.82855129,17.72769727,14.77699285
3.806,13.83137095,17.72886153,14.77512964
3.808,13.83409592,17.72999678,14.77323349
3.81,13.83672157,17.73120088,14.77126671
3.812,13.83959857,17.732584,14.76946391
3.814,13.8422941,17.73380205,14.76742475
3.816,13.84473578,17.73506091,14.76534873
3.818,13.84713084,17.7366365,14.76298396
3.82,13.84942332,17.73787826,14.76060628
3.822,13.85185934,17.73948377,14.7580196
3.824,13.85416274,17.74105379,14.7553839
3.826,13.85640835,17.74266885,14.75299632
3.828,13.85887914,17.7440489,14.75052382
3.83,13.86150831,17.74558485,14.7483657
3.832,13.864096,17.74704443,14.7460514
3.834,13.86658861,17.74851001,14.74394963
3.836,13.86887945,17.7500609,14.74182684
3.838,13.87114531,17.75162978,14.73945263
3.84,13.87324287,17.75316456,14.7370272
3.842,13.8754174,17.75479766,14.73433659
3.844,13.87732735,17.75657001,14.73218387
3.846,13.87944438,17.75824824,14.73011142
3.848,13.88171723,17.76003157,14.72794677
3.85,13.88385569,17.76176013,14.72565367
3.852,13.88575987,17.76370332,14.72358789
3.854,13.88750041,17.76572146,14.72157802
3.856,13.8891203,17.7679977,14.71987752
3.858,13.89044341,17.77047702,14.71833111
3.86,13.89129285,17.77266531,14.71685388
3.862,13.89216972,17.7749382,14.71537659
3.864,13.89310519,17.77698928,14.71405401
3.866,13.89413368,17.7782801,14.7128969
3.868,13.89516185,17.77937933,14.71221517
3.87,13.89606547,17.7809267,14.71139454
3.872,13.89694319,17.78222694,14.71040582
3.874,13.89786597,17.78371752,14.7099853
3.876,13.89870142,17.78520187,14.7098342
3.878,13.89936024,17.7864292,14.71003453
3.88,13.89991798,17.78753727,14.71054871
3.882,13.90044085,17.78843523,14.71104965
3.884,13.90066671,17.78896069,14.71171034
3.886,13.90135477,17.78910213,14.71212413
3.888,13.9019112,17.78895553,14.71280852
3.89,13.90222636,17.78861252,14.71399281
3.892,13.90267369,17.78808889,14.71523603
3.894,13.90312911,17.78727877,14.7166656
3.896,13.90358156,17.78617693,14.71814221
3.898,13.9038983,17.78506143,14.71967824
3.9,13.90431157,17.78397855,14.72123456
3.902,13.90476814,17.78264629,14.72289011
3.904,13.90550465,17.78141013,14.72499326
3.906,13.90616471,17.78015298,14.72710824
3.908,13.90675433,17.77901649,14.72976591
3.91,13.90707926,17.77798119,14.73249096
3.912,13.90712197,17.77689033,14.73504371
3.914,13.90707067,17.77587285,14.73761422
3.916,13.90694376,17.77482328,14.74050052
3.918,13.90699309,17.77360929,14.74312219
3.92,13.90698859,17.77245058,14.7461993
3.922,13.90692664,17.77121971,14.74937365
3.924,13.90668477,17.77048182,14.75258144
3.926,13.90669087,17.76994115,14.75581632
3.928,13.90678073,17.76909566,14.75928636
3.93,13.90669655,17.76792703,14.76285791
3.932,13.90675907,17.76647765,14.7665365
3.934,13.90652511,17.76509829,14.77029554
3.936,13.90626261,17.76380127,14.77395898
3.938,13.90584888,17.76279733,14.77797418
3.94,13.90548961,17.76162133,14.78180655
3.942,13.9048427,17.76051116,14.78558628
3.944,13.90407389,17.75958876,14.78939946
3.946,13.90333234,17.75872278,14.79298141
3.948,13.90281159,17.75779373,14.79646142
3.95,13.90248323,17.75685575,14.79987743
3.952,13.90227602,17.75617344,14.80330869
3.954,13.90181222,17.75555692,14.80680843
3.956,13.90128381,17.75451321,14.81010434
3.958,13.90050383,17.7530981,14.81305598
3.96,13.89949244,17.75146487,14.81555768
3.962,13.89829061,17.74959618,14.81816279
3.964,13.89700487,17.74784172,14.82068643
3.966,13.89591246,17.74581706,14.82282654
3.968,13.89479077,17.74401783,14.82495728
3.97,13.89379182,17.74242838,14.82667589
3.972,13.89298521,17.74063247,14.82852528
3.974,13.89193827,17.73903355,14.83040532
3.976,13.89072687,17.73732206,14.83227917
3.978,13.88990017,17.73556761,14.83406526
3.98,13.88928226,17.73362367,14.83580867
3.982,13.88878275,17.73130905,14.83740255
3.984,13.8880034,17.72895865,14.83895237
3.986,13.88736345,17.72673361,14.84034918
3.988,13.88681061,17.72399092,14.84174831
3.99,13.88585997,17.72152388,14.84304719
3.992,13.88492412,17.71937951,14.84398919
3.994,13.8838557,17.71706827,14.84481422
3.996,13.88300509,17.7146673,14.84536881
3.998,13.88190408,17.71235179,14.84605823
4,13.88076104,17.70975559,14.84662736